character,total_frequency_all_time
이,1984153040
다,1715944776
는,1320167095
에,1159523768
을,1067437199
하,1030866646
의,1019108437
지,918619641
가,913060283
고,885655363
로,841872769
한,809388237
기,785594309
사,675352436
서,670088134
니,653626889
은,650290090
를,607433796
시,602733300
인,575442985
도,559793671
자,535883810
대,521984269
수,516853286
리,510516741
있,508642833
해,501642877
어,478820364
스,457396592
정,428977094
아,426226622
으,421735766
보,395406128
제,393237187
나,388906131
전,380715199
장,379549851
라,378060132
일,353279160
들,350081544
과,347500499
그,344661697
주,342232296
상,338905115
부,336258509
게,327834359
원,308990183
만,301573698
적,287202179
요,283754484
성,277341385
면,268282325
습,259535306
용,251632188
구,251326418
여,247867249
공,245819338
소,245066971
것,243964066
동,242559376
트,242127389
위,240258455
비,238112668
신,237568407
국,231937064
마,228675787
경,228617250
문,225807169
우,216780060
했,216589546
화,208660332
드,207696465
회,201967999
할,200469674
관,195929964
세,194131256
개,191724689
오,190206295
진,187923888
모,187630930
중,186785320
안,186731973
유,186701612
무,186630195
되,186495969
조,185591318
와,185457067
내,184076408
업,183712335
입,180482080
생,177183563
선,175526755
계,174873080
미,174392328
간,167183020
연,165072406
치,163328612
분,162983027
터,162614868
거,162384634
합,161100354
실,158313997
등,157664141
방,154791087
영,154183046
데,153251079
재,151270517
행,149019761
년,144243815
러,143380819
통,143208525
며,141247616
산,140748967
교,140692903
운,140574255
단,139464867
금,139199106
발,139143088
출,137345435
었,136132436
야,135885210
명,135031645
바,133404859
학,131006197
체,128961610
당,127814317
작,126458161
식,124722040
된,120301155
물,118571729
프,118354543
음,116400471
차,114348299
포,111064064
까,110950191
역,110636235
려,110180754
매,108874424
없,108706080
저,106936702
호,106168767
더,105468814
반,104852848
후,104757678
예,103024101
양,102691235
최,102419557
설,102228953
않,101955692
말,101387652
결,99576568
건,98258945
품,97767131
현,97668871
때,97520462
강,97439317
크,97227757
타,95966986
료,95329236
임,95233646
감,94936331
법,94930378
민,94466412
히,93320226
력,92333667
월,92199564
래,90224474
각,90179321
심,88835028
및,88242287
배,87889296
점,87544567
노,87077641
르,86653502
레,85089683
능,84990479
파,84226326
카,83614134
추,83473366
표,82933178
남,82814605
직,82583308
함,82347771
청,81977070
속,81895065
약,80757797
두,80728047
증,80423794
본,80353503
디,78240842
번,77579481
불,75836958
피,75311704
천,74552707
록,74349103
종,73714969
처,73179624
확,72200183
환,71747638
난,71652113
달,69875463
많,69314419
코,69185361
권,68488941
받,67843616
준,67674642
람,67439585
목,67261303
또,66935710
형,66854959
질,66071760
토,65808887
같,65589517
집,65392314
버,65322350
험,64778714
던,64135556
알,63824464
활,63681031
외,61829194
른,61520393
편,61241345
따,61226943
특,61184172
복,60732306
급,60461329
격,60420831
근,59681295
변,59067175
울,58081502
든,57203849
태,56958741
판,55444729
술,55439973
박,54520651
김,54131579
좋,54052785
항,53533673
석,53413753
평,52878123
초,52559546
았,52154334
필,52126311
플,51802808
올,50432400
온,50414822
투,49911426
루,49621749
향,48980709
께,48876310
담,48807286
책,48796653
열,48422173
메,48383982
키,48364479
브,48350261
별,48023193
련,47789591
절,47759302
린,47688519
네,47661510
육,47332813
참,47098665
티,46939463
너,46787250
였,46683032
날,46519614
페,46019237
겠,45794975
글,44984686
살,44934415
광,44805226
님,44586298
런,44033196
새,43648326
언,43534705
론,43492270
립,43325316
택,43279255
군,42966861
테,42916457
워,42219074
검,42160651
독,42089692
송,42026046
접,39609520
애,39201360
션,38986828
북,38607191
축,38235087
승,38229978
병,37919923
길,37488394
객,36983325
순,36933986
채,36825220
될,36733716
름,36625145
규,36538238
즈,36503927
창,36396068
협,36387975
류,36271764
손,36264175
색,36157700
란,35608887
느,35484549
황,35352215
랑,34916285
못,34798252
움,34773851
걸,34683390
량,34408269
커,34312441
족,34144113
백,33745811
취,33716995
뉴,33587616
팅,33229594
완,33154209
억,32837247
블,32537508
늘,32480954
잘,32030370
망,31609098
총,31408060
높,31197534
베,31160868
됩,31131428
곳,30986540
령,30815847
존,30702916
친,30697854
누,30294066
충,30287817
침,30239751
머,30025480
럼,29920643
맞,29815696
돌,29652682
패,28611821
앞,28550091
림,28435152
희,28109438
찾,27844939
클,27789433
효,27665105
됐,27498727
악,27148469
케,26837959
츠,26587865
져,26574884
막,26365523
센,26299898
볼,26293462
견,26248836
극,26206109
응,26089408
줄,25923660
렇,25906451
먹,25806745
획,25530293
벌,25410215
씨,25229445
액,25030533
밝,24243045
얼,24149915
랜,24142683
락,23927550
십,23865290
익,23829982
텔,23635444
답,23463472
녀,23448778
철,23378807
율,22963343
범,22909523
겨,22653858
농,22554628
졌,22298675
퍼,22171761
갈,22166532
눈,21767559
삼,21667994
큰,21362194
착,21295826
싶,21276632
허,21060570
잡,20727199
찰,20649400
왔,20605893
쟁,20434079
빠,20275990
측,20129308
엔,20091663
득,19961827
밀,19865218
염,19728158
탄,19622507
혼,19366310
램,19307288
힘,19134997
귀,18831600
골,18777244
숙,18702410
템,18676871
휴,18639875
긴,18362199
링,18283356
혔,18111929
례,18078298
먼,18048804
팀,17930139
럽,17921452
째,17851370
홍,17807836
폭,17672537
쓰,17560555
넘,17334543
맛,17234589
봉,17098299
쪽,16858096
암,16788623
엄,16565353
콘,16543053
폰,16336893
쳐,16285863
뒤,16256363
슬,16030397
즐,15997502
렸,15947560
탈,15883221
풍,15868861
떤,15663307
논,15554883
징,15336082
릴,15266741
넷,15129741
윤,14987882
죠,14973537
뿐,14955923
놓,14895873
층,14643536
첫,14622557
혜,14607439
릭,14532149
혁,14461356
끝,14347280
듯,14337428
널,14267075
갖,14252319
융,14228725
쉽,14220062
셔,14211324
률,14199024
폐,14137164
탁,14102233
찬,13968114
균,13965578
캐,13714681
콜,13694286
웨,13630359
덤,13426116
몰,13424451
념,13344729
놀,13344618
텐,13319308
벤,13291753
욱,13251495
롯,13184828
돼,13124956
닌,12963282
략,12887979
흥,12750441
떻,12722691
써,12695891
돈,12649734
왕,12647639
죽,12643266
끼,12631822
컨,12529541
엇,12513595
떠,12483010
벽,12480711
곡,12472605
훈,12365829
잠,12364841
웃,12330667
몸,12324888
굴,12308846
큼,12214547
꾸,12170868
쿠,12168702
풀,12076878
뷰,11994309
샵,11987792
혈,11973567
욕,11955142
혹,11943456
몇,11926051
압,11922031
컴,11901711
핑,11838659
덕,11646499
랍,11625620
델,11623018
났,11486628
셨,11457748
앙,11405069
짜,11375629
홈,11348162
얻,11192429
냐,11128312
렌,11110074
갑,11026409
솔,11013089
궁,10691195
뜻,10644039
므,10636240
켜,10614747
혀,10531054
핵,10504926
쉬,10487494
슈,10420555
떨,10177628
좀,10103966
깨,10103327
틀,10014273
즉,9980259
밖,9979922
털,9940381
왜,9899534
좌,9885549
삶,9758990
죄,9741146
둘,9710690
쇼,9689559
헤,9627520
컬,9593894
촉,9567277
웹,9521930
팔,9495462
낮,9450323
읽,9403139
붙,9342331
헌,9342269
싸,9336140
룹,9322132
롭,9284049
빈,9079908
랫,8997290
딩,8993327
꽃,8711143
턴,8710557
갔,8681700
싱,8643161
맥,8611846
앱,8603184
끌,8598277
퇴,8584756
납,8395882
낸,8350250
꿈,8305871
탕,8270314
폼,8239537
엘,8186905
캠,8170662
칙,8146145
픽,8110468
빛,8110425
푸,8109484
옥,8080844
슨,8078763
믿,8041948
빌,8035784
팬,8015629
잔,7990206
옵,7986846
넣,7889010
뮤,7869668
칼,7821335
즘,7798654
튼,7654869
칠,7605588
킹,7584011
척,7560738
칭,7512157
춘,7485130
씀,7444553
숨,7430383
봐,7397310
킨,7396323
냥,7278758
즌,7257266
폴,7241742
셀,7233891
밤,7226107
냈,7221428
홀,7209532
켓,7142514
맨,7026611
찍,7021966
봤,6933144
섬,6907869
첨,6892123
곤,6889314
빨,6884821
깊,6877368
흐,6856373
꼭,6780647
벨,6774383
뜨,6768782
섭,6760274
랙,6754435
뛰,6699420
씩,6675260
녹,6620600
젝,6587176
퓨,6584199
킬,6565788
렵,6525737
낌,6515810
흡,6514017
댓,6465023
튜,6437510
닥,6428599
괴,6270199
뢰,6238633
톡,6230445
펴,6224770
겁,6084493
흔,6081462
촌,6002286
닝,5996405
휘,5970057
웠,5954337
듣,5913600
낙,5899763
렉,5890930
렴,5880329
픈,5871476
몬,5811021
탑,5759605
랐,5730724
튀,5690578
짐,5660890
짓,5652817
냉,5649367
밥,5641806
탐,5637649
값,5624667
멀,5611552
녕,5587263
맡,5571950
뭐,5567573
럭,5503523
짝,5501929
뇌,5434035
삭,5422867
쳤,5415298
롤,5373506
봄,5338457
춤,5296492
펼,5273595
틱,5182471
졸,5174689
맹,5168301
릿,5165946
힌,5134325
촬,5085449
꺼,5079301
땅,5078303
룸,5023993
겼,5018904
앤,4984239
둔,4974807
셜,4936281
춰,4930130
텍,4917576
샤,4874938
섹,4792719
닫,4754334
넓,4721474
톤,4701936
옷,4650837
쇄,4649559
럴,4615984
걱,4589893
끔,4584503
끄,4571500
닐,4565499
낼,4555385
벗,4541853
핀,4495719
곧,4482302
겪,4462918
찌,4453491
딸,4453298
콩,4450930
빙,4429542
뤄,4393819
줍,4381824
멘,4373818
앉,4355676
깔,4325791
얘,4307110
롱,4289410
팩,4266471
큐,4259457
딱,4238535
틴,4218630
혐,4124670
닷,4123783
밍,4117109
햇,4114516
펀,4101700
찮,4100738
씬,4090607
슴,4087216
묘,4069854
껴,4061115
쁘,4030341
젠,4027092
힐,4021226
쁜,4018394
슷,4018328
멋,4001079
웅,3991733
쓸,3974966
잃,3964985
펜,3959165
컵,3943211
갤,3925106
흘,3919360
윈,3916068
묻,3867293
뿌,3862097
젊,3800568
괜,3763038
닉,3761749
읍,3747009
헬,3702134
늦,3700103
끊,3697591
빼,3683120
옆,3679110
잇,3669589
섰,3649638
쾌,3606239
덜,3590386
빅,3569969
꼬,3519100
엑,3449825
짧,3435797
딜,3427871
콤,3423879
쌓,3420883
훨,3418741
묵,3408138
샘,3407185
셋,3396715
덧,3379934
켰,3367855
긍,3349288
닙,3340089
낭,3288605
룩,3280765
듭,3271825
녁,3257447
똑,3241456
맺,3232480
몽,3230361
렬,3214027
봇,3208668
끈,3182140
둥,3181122
쓴,3173556
잉,3122122
훼,3096800
믹,3040494
줘,3001291
핸,3000053
멸,2992504
젤,2991056
옮,2986847
겸,2951263
랩,2949961
잊,2938481
훌,2933439
뒷,2931605
돕,2928884
쯤,2926953
흑,2921278
섯,2920303
꼼,2865302
됨,2839600
쌍,2821143
멤,2816707
봅,2812450
밑,2806592
칸,2802121
펙,2788110
렀,2787963
룡,2787739
릅,2784955
꼽,2781021
앨,2774191
듀,2769607
숲,2748843
괄,2742769
빗,2742199
걷,2741654
뱅,2728676
싼,2710529
밴,2705042
꿀,2700935
잖,2692850
벼,2667371
룰,2660614
줬,2654651
빵,2653102
랄,2646636
캡,2638973
톱,2621772
겐,2599976
엽,2599946
뇨,2592127
릉,2581797
왼,2579506
쌀,2578113
뷔,2574629
넥,2553731
꾼,2549082
렛,2545362
팁,2539640
떡,2516984
눌,2510719
냄,2496196
뭔,2483606
륭,2471535
덩,2456353
듬,2448541
굳,2420170
덴,2418837
숫,2411621
뀌,2411274
멈,2400115
끗,2399060
엠,2396958
쿨,2393958
닭,2380574
잭,2359880
잎,2355469
낄,2329075
캔,2305955
꽤,2304107
눔,2299454
맘,2289910
챙,2282292
옛,2275052
붕,2270099
퀴,2267343
밸,2233223
싫,2231795
랭,2205734
뽑,2198304
쏟,2182557
멍,2160834
핫,2151536
굉,2141676
엉,2137593
샌,2120100
셈,2109409
멜,2099870
틸,2084641
셉,2068192
롬,2067539
륙,2051037
쥐,2049276
쇠,2039486
팡,2021744
뚜,1993593
덮,1984399
핏,1960427
놈,1959032
떼,1928831
낚,1924729
칩,1922195
뼈,1913853
팝,1903351
앗,1878543
곱,1866745
냅,1864175
띄,1863188
컷,1862969
깝,1799823
룬,1799384
갱,1797966
벅,1797682
껏,1793426
쩌,1780298
챔,1779352
돋,1769348
릇,1739779
밭,1737402
얀,1732053
흰,1731963
펌,1725421
랬,1711672
쿄,1696493
깃,1692555
붉,1690089
섞,1689553
띠,1680500
둑,1675505
옹,1675422
썼,1673115
겹,1668371
좁,1659634
숭,1654543
탱,1644873
깜,1636294
첩,1635917
곰,1619873
깐,1617058
븐,1615425
굿,1595339
샷,1592433
곽,1591609
볍,1580186
렁,1578436
흉,1573295
빚,1569808
댄,1566808
앵,1564199
턱,1561561
웰,1548973
꿔,1545605
틈,1543160
닿,1534665
캘,1532523
륨,1528931
툰,1519892
팽,1519840
줌,1511195
팟,1496444
탓,1496149
쏘,1490074
횡,1487206
딘,1472877
볶,1469370
쁨,1465497
삽,1465409
뻐,1464398
낳,1464331
맵,1461806
톨,1454881
벳,1448812
넉,1444428
탭,1442402
윗,1439612
끓,1437868
씻,1416730
쉐,1415815
맑,1415400
륜,1402330
젖,1398613
낀,1395414
뚝,1392736
눠,1389046
탠,1378683
픔,1378532
썰,1368127
텀,1367935
묶,1361103
쿼,1360812
땀,1351667
셰,1350738
킷,1334894
릎,1330942
헨,1321305
휠,1317331
퀘,1313741
꼴,1302399
꼈,1280478
넌,1264915
숍,1263539
긋,1254749
굽,1254390
툴,1244084
닛,1237548
쩍,1222497
곁,1214348
붓,1204603
듈,1197523
슐,1192972
낯,1179893
펠,1173146
늄,1168010
쫓,1157086
껍,1156690
뮬,1152557
땐,1151776
뭘,1142610
킵,1141370
윌,1133087
얇,1131799
닦,1129240
싹,1123447
밟,1121979
뚫,1109127
밌,1099776
짱,1096797
퀄,1094775
뻔,1090839
놨,1083748
멕,1081575
쥬,1069321
궤,1069238
갓,1067616
렘,1051347
뭉,1040075
횟,1032211
흙,1026886
쩔,1022381
닮,1021666
칫,1015117
엣,1010691
푼,1010049
콕,1004344
췄,1003830
킴,995285
렷,993776
쏠,993443
힙,991560
썬,991071
넬,988571
겉,988354
낫,984500
맙,983120
윙,982836
솟,959472
뉘,955196
썸,954646
팜,952723
덱,940481
햄,940096
흠,929240
뒀,926564
짚,920206
옳,912240
뚱,908628
펫,892751
쭉,892153
찜,888824
켈,885025
둠,883649
뜰,870561
슘,869963
샐,862424
뭇,853124
썩,851630
옴,849344
샴,847085
풋,841535
엿,833635
펄,826161
겟,825809
벡,814703
앓,806468
늬,805963
컸,804926
촛,790056
톰,783785
돔,778288
꽁,775223
뽀,774149
헐,771930
쨌,768228
캄,766388
쪼,765586
녔,764965
쑥,755936
빔,754941
췌,753192
샀,752944
삐,748949
솜,748642
밋,747567
헛,737815
앰,735441
퀸,733313
딥,732380
뜬,731651
몫,730669
웬,727882
뱃,724934
켄,724783
꺾,723967
뜩,723188
휩,719425
깁,718473
딴,717371
핍,717131
갚,715942
똥,709336
즙,704943
갯,704236
깥,702157
찔,701946
넨,701801
팍,698471
첼,697171
딪,696550
벚,694218
렐,693623
뱀,693350
뻗,693202
킥,689557
콧,687331
왠,685303
쉼,680899
깅,680399
궐,680159
늑,679603
꽂,678941
푹,678663
꽉,669563
짤,663421
럿,659303
잦,658727
젓,657207
얄,654785
젯,652959
쉴,650217
퉁,644845
뜯,642755
챌,636508
뀐,632020
펑,628191
씹,626932
딧,610475
짙,608493
뽐,606266
굵,602318
붐,599089
챗,598059
넛,596400
찢,586103
빡,585328
껑,584623
겔,583824
둡,574187
츄,573051
훔,571459
웍,571251
둬,570165
귤,564245
놔,563926
툼,563836
눅,563538
탬,561453
깎,560608
맷,559295
뿜,548315
쎄,544426
갇,544104
썹,544086
얽,537787
팎,525438
랴,524991
팸,522691
흩,521366
뤘,518798
걀,516086
잼,514647
댐,509518
솥,509101
늙,508093
얹,506573
덥,501127
촘,499494
딕,498857
홉,498766
뱉,492545
헝,485087
뽕,482742
땡,478988
큘,475503
엎,473223
칵,468130
멧,467854
쌈,462213
쑤,461793
쏙,461311
뜸,459528
긁,459226
쿵,454564
꿨,449911
튬,449627
잣,448352
짠,447972
뿔,447137
엮,444810
낡,439298
씽,438863
왓,434201
툭,430982
끽,430033
깡,425170
찐,423811
벙,415793
쭈,415450
볕,414338
짖,408815
왁,407110
삿,404917
꾀,402881
쌤,402730
쿤,402019
씁,400919
낱,400294
숏,399083
캣,398635
옐,397007
핌,396483
텝,394545
탔,392189
쫄,391688
씌,389258
몹,388156
딛,386161
팥,385316
콰,382228
춥,378820
궈,378232
댁,376049
눴,375822
굶,373174
왈,370246
뭄,364258
뵙,361629
슛,360443
싣,359379
짬,358073
엌,357895
떴,355723
캉,354529
콥,354140
룻,348240
퐁,347926
늠,347855
젼,347838
꾹,344788
댑,344237
샬,343622
텅,342582
돗,341709
쫀,340371
퀀,339922
뤼,339346
륵,338078
댕,335742
깍,335480
쿡,333938
눕,333903
퀵,333823
딤,332876
뀔,332466
텃,328785
댔,323918
뎌,320729
윽,318411
팰,316497
헷,314847
쯔,314494
웁,311680
똘,309403
큽,309282
숟,308057
꿰,306953
첸,302393
랗,298120
훗,296990
샹,295110
섀,293984
뿍,293042
뺨,292661
쥔,292214
렙,288284
찻,288103
띤,286954
뮌,285461
헹,283344
덟,281262
숯,281202
곶,279766
낵,275583
쩡,274762
뺏,274038
숄,273400
쉘,272609
뻑,267549
꿇,267407
쩐,267109
폈,266571
랏,266545
쓱,264428
뺀,260739
셸,259808
밧,257953
펭,254811
뾰,253304
댈,252610
컫,251056
홋,248718
귓,246570
팠,245915
컥,244232
찼,243792
뎀,241875
쉰,239720
껄,238921
귄,237755
뻣,237668
맴,234647
랠,234208
띈,234183
갸,234074
빽,233238
챠,230747
뉜,230009
웜,229946
땠,229946
겜,229144
샾,228574
탤,228110
춧,226349
얗,226016
싯,225361
찹,223276
괌,222422
뻤,222224
헥,220729
룽,219253
퍽,216987
쁠,214163
뻘,212239
낍,211833
얕,211802
펩,210863
훑,208825
숱,208294
찡,201599
챈,200836
밈,199779
얌,198331
녘,197996
쁩,195256
옌,193972
늪,193597
펍,192223
갭,191502
떄,190917
뎅,190718
떳,189459
쵸,188537
텨,186970
헉,184454
됬,182836
튠,180697
욘,180104
뛴,179879
샛,179712
빤,179276
빕,178600
왑,177288
쟈,175418
찝,175258
엥,174646
믈,174085
뻥,173780
꿋,172622
챕,172588
넸,172327
훤,172308
잤,172200
깬,171772
꺽,170054
켠,169564
땜,169237
얏,169207
셧,168589
껌,168394
빴,166327
욥,165665
쏜,165313
뵈,165206
듐,163909
괘,163640
꽝,162142
훅,161663
뛸,161647
좇,160437
츰,160112
뗄,158915
섣,158626
짭,158294
넋,158053
씰,157884
켐,157718
윅,155441
앳,155269
퓰,152232
젬,151644
쐐,151126
옅,151069
텁,149421
튕,148695
짊,146866
쌉,146562
맣,145165
맏,144207
꿉,143394
틋,143104
튤,142454
쭤,142090
맬,142039
뉩,142020
쾅,141093
쌩,141090
꼰,140046
깻,138604
벵,136423
폄,136089
걍,135530
엡,134869
퀼,134283
쎈,133719
뚤,132173
쩜,131863
뇽,131740
갬,130773
쬐,129990
핥,129957
썽,129030
갛,128982
쥴,127987
쌌,127256
궂,127242
탯,126465
휼,126452
닳,126376
굼,125520
띵,124794
냠,123716
꿍,122470
슥,121809
튿,121224
걔,121088
읊,121058
냇,120951
팻,120786
헴,120611
뒹,120362
샅,118994
캬,116830
욤,116331
뺄,114587
쏴,113583
좆,113320
뺑,113093
끙,111836
듦,111624
쪄,111106
꽈,110525
욜,110072
슭,108711
몄,108637
켤,107763
뺐,107705
숴,106645
뗐,104903
챘,104890
갠,104610
캇,103743
톈,102715
쳇,102340
밉,101563
멩,98562
뫼,98320
쏭,98103
쨍,97943
덫,97401
휙,95957
쫙,95576
쌔,95331
쫑,94346
탰,92569
폿,92519
엊,92077
놉,91269
핼,91178
쫌,90799
숀,90417
잿,89635
틔,89513
퉈,88677
슝,88199
뎃,86928
캅,86422
햅,85923
꼿,85233
옻,84778
펨,84749
뗀,84018
뀝,83628
뵐,83376
띔,82736
깽,82606
뜹,82074
멎,81515
돛,81095
겅,81074
퓸,80823
쫒,80476
샨,80022
쟤,79784
뎠,79778
윔,79644
컹,79592
팹,79404
뼛,79380
줏,78334
쿰,78227
넵,78050
쿱,76964
횃,76708
잰,76514
벧,76263
궜,75876
촐,75580
긱,75447
솝,74144
깼,74078
멱,73949
뭣,73766
힝,73038
깰,73009
뎁,72168
땄,71883
뮈,71510
앎,70691
빳,70638
윷,69572
쥘,69571
텟,69430
탉,67812
촨,67354
숑,66914
볐,66862
괭,66685
넝,66402
껀,66312
묽,65877
쨋,65668
렝,65611
힛,65570
쐬,64417
쩝,64340
롄,64262
뽁,63581
욧,63540
앴,63498
꺄,62478
뿅,62441
늉,62391
칡,61558
훙,60954
홧,60495
캥,60337
끕,59718
넴,59543
냑,59366
껐,59106
꿩,58730
잽,58616
쯧,58589
텼,58585
맸,58100
콴,57780
쾰,57442
갉,57330
낑,57054
옇,56689
뭡,56178
뮴,55785
쇳,55647
뭍,55518
넙,55501
닻,55425
셴,55217
뷴,55112
둣,54822
엷,54418
퓌,54283
녜,53957
봬,53409
눗,52895
훠,52146
귈,52137
쟝,51330
놋,51001
쭐,50642
볏,50273
셍,50234
뷸,49754
믄,49430
킁,49121
뭅,48934
톳,48868
큭,48826
펐,47921
딨,47877
픕,47648
첵,47073
쑨,46976
튈,46928
쐈,46697
짰,46585
샥,46332
윳,46246
찧,46156
윕,45753
웡,45704
뼘,45243
죤,45153
츤,45108
콸,44874
잌,44694
뗏,44468
쭙,44252
뮨,44217
챤,44114
굣,43910
솎,43483
꼐,43477
햐,43356
겊,43128
씸,42973
댜,42951
쉑,42383
찿,42189
쑈,42130
얍,41529
땔,41498
띕,41401
쌕,41241
홑,40956
뮐,40706
웻,39775
츨,38968
뻬,38650
뀜,38453
휜,38206
긔,37525
셩,37284
봣,36742
땋,36191
냔,35943
뼉,35826
겋,35763
짹,35684
힉,35386
쪘,35227
죵,35090
꿎,34919
떫,34605
혓,34318
갗,34144
쨩,33975
삯,33926
돐,33909
슌,33791
셌,33633
랖,33235
썻,33186
깟,32944
윰,32859
휀,32801
헵,32772
빻,32638
휑,32174
촤,31702
넹,31666
뿡,31410
풉,30751
옙,30540
떵,30484
튄,30305
듄,30179
헙,30139
넜,30117
뇰,29997
뽈,29804
삑,29787
겄,29755
곪,29645
맟,29638
믐,29576
뺌,29296
띌,29180
귐,29059
켭,28906
쾨,28474
섶,28385
짢,28154
쎌,27800
텄,27618
쩨,27572
쥰,27563
흄,27143
푯,27107
쉿,27077
켑,27007
돠,26887
쨰,26718
엾,26636
잴,26386
웩,25721
띨,25454
뎐,25316
쌰,25302
옭,25185
뵌,25122
텡,24933
톺,24849
읏,24727
곗,24594
뱁,24558
숩,24459
쑹,24222
롸,24154
웸,24057
홱,24032
죗,24022
삥,23671
쟌,23592
뜀,23353
삘,23217
뉠,23080
콱,23027
멓,22893
멥,22287
렜,22277
쨈,22177
먀,22050
휨,21941
뤽,21860
좃,21474
핚,21064
빰,21035
냘,20951
좔,20881
쮸,20859
됫,20593
쉔,20311
닢,20102
뙤,19932
팃,19911
졍,19790
헀,19732
괸,19731
졋,19709
젭,19657
눙,19497
좡,19467
욬,19105
툇,18936
됴,18895
꽹,18471
꽥,18378
솽,18289
푀,18229
닼,17973
솨,17813
켁,17790
룟,17723
쒸,17675
몃,17599
슉,17480
쨔,17415
뚠,17163
샜,17110
갰,17005
쇤,16926
츈,16854
퉜,16802
곯,16608
춮,16477
썅,16462
쏨,16359
뒈,16270
쵝,16240
왤,16218
꺅,16137
쌘,16070
땃,16032
쫘,16031
뜁,16021
쭘,15950
붇,15943
쭌,15493
낟,15486
흣,15429
핳,15223
젋,15033
껫,15015
쭝,14928
듸,14822
똬,14721
뱌,14671
뙇,14619
읶,14520
뀨,14385
촥,14366
뇬,14360
퉤,14271
꾜,14227
믓,14219
앜,14216
깠,14109
꺠,14106
뺴,14097
겻,14067
앍,13979
넒,13978
똠,13614
씐,13545
웽,13472
겆,13231
쇽,13134
셤,12901
멉,12876
겡,12874
팼,12742
뤠,12727
붑,12683
삵,12593
끅,12485
큅,12422
웟,12407
뉼,12360
쳉,12303
쏩,12273
풂,12253
륄,12207
횽,12191
섦,12097
줴,11857
덖,11838
슁,11768
퇘,11736
쳔,11708
볜,11539
삔,11291
씠,11281
캑,11252
젂,11239
꼇,11185
뺍,11161
툽,11142
벰,11071
홰,10977
썝,10955
븘,10926
솅,10729
샙,10691
찟,10630
쉭,10603
줫,10530
퍅,10530
쿳,10523
퇀,10453
뵀,10438
츌,10435
륀,10357
섐,10286
챱,10236
묀,10222
낏,10205
벋,10200
읜,10186
헿,10112
쉥,10106
퐈,10084
쉈,10042
켕,10040
뢴,10019
촵,9896
죈,9865
왱,9816
읭,9801
젱,9798
쳄,9723
덬,9685
졔,9608
뭥,9488
됀,9414
탸,9405
븅,9392
퀭,9391
쟀,9351
뎬,9333
즁,9331
갹,9120
쟎,8871
짯,8838
켙,8738
곘,8725
듕,8606
촹,8594
뗑,8566
왐,8530
퍄,8475
쾡,8465
몆,8437
꿴,8416
챦,8407
튭,8353
쒀,8323
큠,8317
됏,8304
겝,8256
뵤,8238
꽐,8219
넼,8204
휄,8189
헸,8175
짦,8174
뽄,8162
얜,8072
껜,8018
뾱,7910
똔,7898
쎅,7898
챨,7869
땟,7832
븀,7780
돤,7745
녈,7744
횐,7655
갂,7613
닯,7560
짇,7556
햏,7480
쳬,7472
멨,7465
곸,7449
캤,7437
뉨,7390
똭,7346
밎,7296
쳣,7186
켬,7129
뇸,7094
헣,7083
쀼,7076
싞,7062
묏,6960
쬬,6932
덯,6905
긷,6905
뎈,6872
젹,6863
훵,6853
웤,6851
먄,6827
쐴,6780
튐,6766
띱,6696
뭏,6657
땁,6635
돝,6576
좍,6510
꽌,6499
쳥,6459
띡,6419
젔,6366
츳,6354
췬,6325
짼,6253
굥,6232
휫,6223
쨘,6209
릐,6196
괵,6183
휭,6170
읷,6148
핛,6139
룀,6114
껸,6082
귿,6066
뫄,6059
켯,6021
큉,6013
괏,5973
옯,5960
욯,5861
펏,5781
떰,5776
짂,5759
릳,5752
췰,5718
댱,5643
썪,5608
앟,5571
뎡,5545
빱,5544
퀜,5519
뙈,5509
핡,5464
퐝,5442
옜,5408
딫,5389
훕,5386
쯩,5376
읎,5362
횔,5356
뭬,5353
깸,5288
쥑,5288
닠,5287
죌,5237
벛,5234
랸,5205
깄,5161
뎨,5160
톄,5154
떽,5119
걘,5114
됌,5105
뷁,5098
럇,5054
쟉,5051
죔,5040
싀,5022
껨,5009
괞,5002
뱡,4958
맊,4945
뷜,4944
꾐,4922
앆,4871
졀,4862
썜,4861
뇩,4828
궨,4826
힣,4812
훓,4798
놧,4786
먁,4750
슼,4700
읕,4640
됍,4630
숖,4597
묠,4592
눼,4576
푠,4573
얔,4570
떙,4564
틉,4551
즤,4536
믜,4536
먕,4513
뗍,4495
녓,4450
랲,4438
맜,4436
섕,4421
윾,4413
곬,4410
폽,4397
잗,4395
춫,4348
뵨,4347
솓,4345
몐,4329
쌋,4326
왝,4326
윁,4321
쨉,4303
뗴,4295
뢸,4264
묭,4243
붸,4191
눞,4183
뎜,4164
옘,4150
쿽,4141
틑,4133
밞,4125
눝,4118
틍,4073
묄,4050
씼,4048
햔,4035
앚,4026
떱,4006
됭,3999
쾃,3982
닏,3965
퀑,3956
롈,3955
귁,3940
뗌,3929
븨,3912
늅,3905
똣,3902
쎼,3895
꿧,3887
볓,3879
궃,3869
녠,3865
잍,3839
쓔,3821
띰,3776
읔,3775
묜,3766
짘,3756
쏼,3741
똻,3726
샆,3707
녤,3706
롹,3696
챡,3692
몀,3686
첬,3678
흫,3678
핧,3664
큇,3662
쪙,3653
쬔,3637
챵,3627
븜,3621
쪾,3618
욋,3609
깹,3588
뎄,3586
쳅,3577
낰,3572
셕,3561
촙,3558
삣,3541
땨,3525
컾,3511
륏,3492
퐉,3486
껭,3486
쎔,3461
픗,3448
떈,3418
핬,3415
윱,3410
뱄,3409
쒜,3395
쬘,3363
옄,3363
룔,3336
튑,3326
헠,3320
밷,3309
읗,3300
닺,3297
홗,3296
붂,3255
쇱,3248
쓩,3247
섴,3235
앏,3220
툿,3213
겯,3207
뺘,3178
슾,3172
쏫,3166
셑,3160
횬,3145
텬,3140
폅,3119
뚬,3113
뷘,3112
랔,3101
벱,3086
쮜,3062
꿸,3053
밨,3041
뇐,3041
섥,3028
몌,3017
읖,3010
킄,3010
셥,3006
핰,3000
퀠,2993
늡,2988
읺,2977
딲,2971
곕,2965
읻,2960
깉,2956
뿟,2951
웝,2946
됄,2942
쫍,2940
옾,2939
칰,2926
졈,2910
딮,2906
굄,2905
뵜,2905
췐,2898
젛,2889
쟨,2882
꺌,2879
푄,2871
쏱,2866
흗,2866
몯,2864
좐,2864
늗,2857
앝,2847
롷,2847
툐,2847
죙,2841
묫,2837
슙,2831
밣,2828
좨,2827
욀,2826
쑝,2808
룐,2798
쫏,2781
봊,2772
뽜,2772
솦,2768
쉣,2762
앖,2757
얶,2735
륌,2713
챰,2689
홖,2688
롼,2687
곷,2682
븍,2676
훝,2676
맆,2653
튁,2649
뜷,2636
갘,2627
쉠,2606
큔,2591
묍,2582
쯘,2579
겂,2576
짴,2557
뗘,2549
늣,2547
뵘,2545
쥼,2538
곀,2534
둿,2531
퓔,2529
듁,2528
빋,2528
릮,2528
쌨,2512
흝,2503
믕,2502
붜,2498
횰,2491
픙,2474
룁,2467
뚯,2465
쌜,2460
솬,2458
쇨,2449
봞,2446
삷,2443
쭸,2425
핟,2423
읠,2418
뽝,2405
냨,2400
욲,2397
덞,2392
꼍,2392
빝,2385
뜽,2383
쑬,2383
즛,2381
쥠,2365
핱,2361
븟,2353
츕,2349
묾,2345
믾,2330
쒼,2330
왘,2326
뜌,2324
섧,2310
츙,2305
쎕,2297
퀏,2284
솰,2266
퇄,2261
흴,2261
읇,2251
뻰,2251
갊,2246
읒,2242
뱐,2242
햬,2234
끎,2234
쵤,2231
쏵,2228
넗,2227
쩄,2227
굇,2226
챂,2217
갼,2215
켸,2198
겍,2197
긑,2193
홥,2188
큄,2175
줜,2172
쯥,2164
잛,2151
꿕,2149
쳰,2140
훽,2134
벞,2132
삠,2125
뺸,2119
쐰,2103
큥,2100
쌥,2092
꾿,2091
졷,2087
뉸,2074
쫴,2070
햝,2070
밓,2062
햌,2058
홓,2052
톼,2049
얬,2043
얆,2042
쑵,2041
콬,2034
줭,2028
궉,2024
죕,2020
뒬,2017
잏,2008
횻,2006
딹,1999
낢,1998
빢,1995
맠,1991
귑,1990
햣,1981
숌,1977
싰,1974
맄,1967
쨀,1965
씅,1958
렦,1956
윧,1948
죡,1947
푈,1946
캭,1944
뉵,1940
졘,1939
엪,1936
췟,1932
샇,1916
굻,1916
닸,1911
힁,1911
쑴,1908
쥭,1907
햠,1907
쇰,1895
맀,1891
춍,1888
쿸,1877
땍,1872
슽,1870
쾀,1866
핮,1865
앋,1863
븝,1862
햤,1861
섵,1850
햘,1846
밬,1843
춈,1838
뼝,1837
띳,1834
젃,1832
쫜,1831
쳘,1824
졲,1818
싿,1812
귯,1802
쿈,1798
밻,1795
땇,1793
퉷,1793
굠,1792
칲,1785
풰,1784
뒨,1783
랰,1782
뀰,1779
쥡,1778
핤,1773
렡,1771
랃,1771
맋,1761
붱,1761
켔,1756
킼,1751
얐,1748
뀄,1744
읆,1740
꿘,1739
엨,1736
삻,1736
깆,1732
릍,1729
롞,1727
띾,1726
벹,1726
췍,1725
엶,1725
땝,1722
맻,1720
끠,1709
쳡,1705
쉡,1704
봥,1701
흭,1700
쫗,1699
팦,1697
햡,1694
륫,1688
죸,1680
엏,1679
쎘,1677
퍠,1677
푱,1676
짞,1672
킈,1672
츔,1671
죶,1666
쵹,1664
컽,1660
뷛,1657
늴,1649
탙,1638
븡,1636
돚,1635
숔,1633
뿝,1631
삳,1629
톓,1627
깤,1625
햑,1617
컁,1616
뺙,1612
뻇,1612
둉,1600
볘,1599
욌,1599
큿,1588
옼,1587
섈,1584
굔,1583
쳌,1582
쩰,1581
뻠,1578
덪,1577
돘,1577
돨,1573
뽂,1570
팤,1568
쎠,1567
엤,1566
긇,1566
잆,1560
죱,1560
곂,1559
쩃,1558
춉,1555
꿏,1550
썡,1548
솁,1548
벴,1546
밪,1538
삮,1531
듞,1523
쨕,1523
쵀,1521
쩬,1515
췃,1514
귺,1505
쀠,1504
츼,1503
썌,1501
찎,1500
핣,1498
덛,1498
윦,1495
솀,1493
릏,1491
윋,1489
챃,1479
싴,1473
뺵,1472
휸,1467
롣,1467
졉,1466
왬,1464
늏,1461
솩,1455
떢,1453
횅,1453
맗,1445
셒,1445
풔,1443
뗼,1440
튽,1438
룅,1434
쳑,1432
곌,1431
뱍,1426
뿨,1425
뇔,1423
릶,1421
랶,1420
섄,1419
먐,1418
걜,1416
냣,1410
꼳,1405
쫭,1402
륍,1400
괼,1400
뱔,1398
듧,1397
륩,1391
챀,1391
얺,1386
쏸,1386
뻴,1384
킕,1375
귱,1373
쁙,1373
캌,1369
깩,1365
훟,1363
냬,1358
칮,1356
쩟,1355
댸,1354
핞,1348
톩,1346
잨,1345
띁,1340
럄,1340
뛔,1338
죳,1337
눋,1333
넑,1332
쒔,1332
닽,1332
곈,1330
뚀,1326
탇,1325
뼜,1323
픠,1321
떔,1319
댤,1318
귝,1317
퐐,1313
캎,1307
셱,1307
욷,1303
깈,1303
볌,1302
탶,1297
밫,1294
숮,1292
잧,1291
퐌,1290
뚸,1289
읨,1289
쟐,1288
겈,1287
돟,1287
쏀,1286
볔,1283
뗬,1277
췸,1277
줗,1277
샄,1270
잚,1269
댠,1268
볻,1268
덨,1263
롑,1261
맒,1260
욺,1259
뼁,1256
팖,1252
옶,1249
돎,1248
좝,1248
씯,1246
삲,1244
쩅,1244
캍,1241
먜,1237
놐,1236
싑,1232
옿,1231
돡,1229
끍,1228
혂,1226
퍈,1220
쇫,1219
옝,1217
슺,1217
늇,1216
봽,1215
컄,1213
쎗,1213
맍,1212
퓽,1212
얉,1212
튱,1210
얠,1208
릫,1208
륑,1208
뵹,1203
욍,1203
짫,1201
륻,1200
싵,1198
궬,1198
럐,1197
쯕,1197
얃,1195
쩹,1191
롴,1190
랼,1190
핲,1190
욉,1189
씪,1187
톏,1186
잪,1185
쟘,1183
쐉,1183
렿,1181
걲,1177
첮,1175
흨,1174
옫,1174
댘,1170
툥,1167
녑,1166
탹,1166
삡,1166
븸,1165
횝,1162
쪗,1159
닲,1157
싳,1155
잫,1153
햋,1153
쉅,1153
쎙,1150
쨓,1150
돵,1149
앺,1148
굮,1148
눇,1147
돜,1147
쩠,1146
쒖,1143
읃,1138
훍,1136
툩,1135
퀙,1134
씉,1133
쭛,1133
텦,1133
굛,1131
긺,1130
윞,1130
뫃,1129
켱,1129
큣,1126
뺼,1125
찯,1124
쬠,1121
핂,1120
퇼,1119
봔,1118
폔,1117
뽱,1117
팓,1117
됙,1116
솃,1116
둄,1112
짋,1110
낲,1107
꼮,1104
빧,1104
쌂,1101
꾩,1099
츅,1098
밯,1097
샂,1097
녂,1097
탖,1095
뤈,1092
읋,1091
떪,1090
깢,1089
캪,1087
칟,1086
랕,1085
잋,1084
톻,1084
궷,1079
륾,1077
묙,1073
윘,1070
넫,1067
홤,1067
왭,1065
늧,1064
몪,1062
췻,1060
샊,1060
눉,1058
곻,1057
혠,1055
멬,1053
홛,1052
얖,1051
픅,1050
춗,1050
쮀,1050
흽,1047
싷,1046
밠,1044
좼,1043
맽,1041
쵼,1041
룍,1040
귬,1038
끆,1037
칻,1035
섁,1034
큑,1034
싲,1034
뢔,1033
봘,1033
궩,1030
뻉,1029
멭,1028
딷,1028
봨,1024
옉,1023
맂,1021
겤,1021
멂,1020
딬,1020
놰,1019
줸,1019
쨜,1018
싄,1018
읓,1017
탘,1015
닾,1012
쁄,1011
놘,1011
닜,1008
죻,1007
맢,1007
밗,1006
뀽,1001
턔,1000
찦,998
짛,998
죨,998
랒,997
쪠,997
늒,996
쟂,996
볽,996
뺷,996
쫠,989
짪,988
짥,986
싻,986
촣,985
옸,985
푝,983
쎾,983
잒,982
뱨,981
쓿,981
땈,978
팒,976
톹,976
낛,976
젅,976
뻡,975
엗,973
퇸,973
젗,972
빪,970
섏,970
닶,970
읁,969
큡,969
쫩,968
쬈,967
핝,967
섻,967
찪,966
깞,964
앛,963
뼤,962
쉪,962
껠,962
텎,961
넖,960
샼,959
엳,959
뤂,959
뢀,958
빍,957
젇,957
쟙,956
좬,955
쭁,954
늰,953
깓,952
폮,951
슸,950
롓,949
짆,949
놂,948
폇,947
괬,947
촡,946
숚,944
넚,944
퇫,944
짲,943
칺,943
춀,942
켘,942
툑,940
닞,940
샸,939
싺,939
퍙,937
캴,936
좥,936
낣,934
붗,932
밐,932
룗,931
줒,929
겧,928
먾,927
묎,926
뮹,926
왹,925
넢,925
앻,924
밚,924
녯,922
룘,921
뮷,921
싾,920
잩,920
슫,920
뤌,920
궝,918
긂,917
궛,917
읿,917
팕,916
닪,915
좦,914
얋,914
뎍,913
힢,911
덉,909
밢,909
벘,908
힜,908
춴,905
찭,903
꺆,902
잓,902
읫,901
잝,900
캙,900
낧,899
챼,898
웙,897
밮,897
몿,896
짷,895
샃,895
렠,894
밡,894
좭,893
뎊,892
뻭,891
죾,891
밙,890
깧,890
궄,889
칾,887
룝,887
쁴,886
컈,885
삺,884
좎,884
빸,884
퓐,883
컼,882
츱,882
뭰,882
졎,880
캋,879
캏,878
럤,878
핢,877
틒,877
맕,877
넽,875
짮,874
뎔,872
껶,871
끋,871
쥥,869
핖,869
탃,869
좟,869
빩,869
팧,868
쉨,867
핦,867
꾨,866
픞,866
귕,865
좊,864
찱,864
킅,863
먈,863
쒯,862
뒥,860
캊,860
긜,860
왯,859
잟,858
럈,858
앇,857
뜅,857
됑,856
닧,855
탆,855
얅,855
랆,854
탗,854
옺,853
봏,853
쯪,852
굑,852
잙,852
땽,852
쇪,852
팊,851
혬,851
낞,851
햎,851
잞,850
쀄,850
탂,850
깣,850
첯,850
겓,849
딻,849
쯰,849
뇟,848
돞,848
찫,848
꿱,848
촟,847
얾,847
붘,845
덦,845
랂,844
뀀,843
멫,843
긩,842
윜,842
튓,842
핪,840
팢,840
딿,839
찲,839
죰,839
맇,838
흟,838
떋,838
쓆,838
닁,837
엩,836
뻿,836
찴,836
늕,834
웉,834
쿙,834
윢,833
횩,832
쨎,832
킳,831
뫔,831
낤,830
덒,830
앑,829
뚭,829
팣,828
캈,828
췩,827
팏,826
닩,826
곹,826
탌,825
탚,825
앒,825
헑,824
둗,823
쓕,823
랈,822
텰,822
쌏,822
뫠,821
잜,821
팗,820
삸,819
믑,818
읅,817
찣,817
쉩,817
졩,817
깕,817
걠,817
빺,816
쌇,816
뻈,816
몾,816
씃,816
봍,816
읹,815
밦,815
욾,815
깖,815
꺙,815
탍,814
짣,814
룄,813
칶,813
궗,812
줠,811
꾄,811
뾦,810
빦,810
혤,809
쌒,808
욳,808
탒,808
쏿,808
곺,808
칚,808
찷,807
잢,807
춋,807
밒,806
탛,805
랊,805
깛,804
궧,804
끵,803
걺,802
윶,802
빫,802
빎,800
몈,800
캰,799
퐤,799
굘,799
쇹,799
궦,799
봑,798
낝,798
킾,797
챁,797
웈,796
탅,796
걈,795
찺,794
낪,794
빶,794
쌁,793
쌑,793
잕,793
랋,793
웂,793
숼,791
둟,790
캃,790
쥣,790
놑,789
꿑,789
몼,789
틂,789
깒,789
맅,789
랓,788
맔,788
쓉,788
쌎,788
짟,787
돴,787
딳,787
앐,786
칽,786
앀,786
킽,786
띿,785
빮,785
흼,784
넀,784
핔,784
쌊,784
팞,783
캂,782
랎,781
뇝,781
텻,781
랅,780
닰,780
듵,780
깦,779
삏,776
뾔,775
믁,775
굷,775
빹,775
랇,774
뤤,774
롶,774
탊,774
삱,773
쌃,773
엃,773
찶,773
팚,772
멌,771
짶,771
봴,771
퀬,771
깘,770
쌆,770
맚,769
좉,769
탋,768
꽛,768
짡,768
짵,768
젙,767
싦,766
긓,766
캀,766
뷀,766
맖,765
츃,764
쌐,763
묑,762
뢍,762
땉,762
댇,762
떘,762
븥,761
괍,760
핯,760
햟,759
삾,759
딽,758
짩,758
짔,758
랟,758
햊,758
쌴,757
멏,756
탏,756
늫,756
늼,755
낦,755
뽓,755
찳,755
뚷,754
땂,754
냡,754
걩,753
댚,753
춸,752
낥,751
딺,750
휏,750
깑,750
짨,749
홴,748
닱,747
핻,746
땊,745
팙,744
쇺,744
깙,744
찵,743
녺,743
텤,743
읾,742
깇,742
랉,742
껵,742
읙,742
랁,742
텉,741
렏,741
솊,740
쟧,740
쐇,740
쌄,740
텋,739
틘,738
빣,738
툪,737
땆,737
쓺,737
깏,737
빬,737
캆,736
삹,736
쑉,736
릌,736
푭,736
놩,735
묷,735
줓,735
톸,735
빥,734
럾,734
팛,734
솧,734
솤,733
뱜,733
얨,732
욹,732
곾,731
빷,730
렼,730
넠,730
욮,730
캁,729
펞,729
덈,729
댛,728
칿,728
뭠,728
꼉,728
쟢,728
껬,727
벻,727
쨥,727
쥽,727
깚,727
늩,726
탎,726
팘,725
뺃,725
녛,724
뒌,724
렄,723
툠,723
옪,723
뒜,723
쌅,722
힠,722
텣,722
뱻,721
됸,721
긎,721
쎴,720
빆,720
쌱,720
놯,720
쟛,718
꾺,718
빯,718
딾,717
뜐,717
붿,717
븕,717
쁢,716
퓻,715
깗,715
뙁,714
꺳,714
딵,714
꾳,714
웎,714
꿜,714
팑,713
춚,713
쳠,712
덷,712
픒,711
퀎,711
핕,711
윀,711
댬,711
톋,709
젆,709
맓,708
빲,708
묹,708
쁭,707
윸,707
텽,707
걋,707
얿,707
앂,706
꾕,706
쩧,706
켝,705
빭,705
쬡,704
헜,704
욪,704
쪈,704
쟞,703
럅,703
췹,703
뙨,703
랚,702
샠,702
쭊,701
샏,700
톧,700
뭎,700
괙,699
뺕,699
칷,698
벜,698
떯,698
웓,697
맫,696
룑,696
쥈,696
쇸,696
꾈,695
쯉,695
꾾,695
짳,695
싽,694
궼,694
옰,693
긿,692
뚮,692
졓,691
꽜,691
훡,691
섷,691
뷧,690
뽸,690
쯜,690
쇅,689
붊,689
엯,689
텥,689
퐅,688
쩖,688
쩻,688
뢉,688
벍,688
쿧,687
뚧,686
칢,685
깋,685
딶,685
놬,685
웄,685
햿,685
봺,684
먯,684
뫈,684
촞,683
꽅,683
껒,682
뤀,682
칹,681
쁑,681
롐,681
욛,681
삤,680
읩,680
뤗,680
큩,679
얊,679
쒕,679
윟,679
뮽,678
윣,678
뀡,678
듷,676
렺,676
쫨,676
닊,675
놜,675
숈,675
듫,675
껼,674
뢨,673
슆,673
낅,673
딍,673
굅,673
뒪,672
섑,671
젲,671
앸,671
딼,670
떎,670
싢,669
돱,669
쎤,669
먮,667
푤,667
뚥,666
옽,666
펖,666
좄,665
즣,664
싈,664
섟,664
럮,664
뷕,663
숸,663
춱,663
꽊,662
웏,662
귾,661
쬰,661
눤,661
햛,660
럳,660
휵,660
뼱,659
끟,658
쑻,657
튺,656
뱈,655
앃,655
졐,654
섎,654
젏,654
굡,653
췤,653
쬭,653
씡,653
둴,653
렂,653
꽆,653
쨧,652
엍,652
봌,652
틧,651
쒓,651
쑷,650
닔,650
딯,649
왙,649
똿,648
챳,647
쟏,647
낔,646
닡,646
뵉,645
웊,645
듥,645
렆,645
퓬,644
혻,644
웆,644
힎,644
젶,644
큨,643
뷱,643
씤,643
빜,643
쏳,642
겿,642
촠,642
틜,642
훃,641
뜡,641
묺,641
퀌,640
쬼,640
듴,640
넡,639
엀,639
륷,639
홯,639
둰,638
릠,638
똟,638
룜,637
턍,637
틩,637
콭,637
쌸,637
먺,636
젴,636
핆,636
갞,635
쵕,635
샒,634
멮,634
릟,633
븰,633
댯,633
랳,632
쮹,632
몊,632
붖,632
슲,632
렢,631
뉭,631
꺨,630
돳,630
칞,629
뒗,629
짗,628
궅,627
릊,627
뚁,627
뀠,626
춣,626
왚,626
핶,625
즇,625
텩,625
짅,625
햫,625
툃,624
뫙,624
툉,624
껙,624
걟,624
꽦,623
얭,622
떧,622
옦,621
꽭,621
궆,621
틐,621
캼,621
놏,620
줆,620
넎,620
밂,620
욨,620
딋,620
읂,620
귭,619
쵱,619
갋,619
첛,619
늨,618
꺵,618
먿,618
픦,617
튝,617
왛,615
혅,615
즹,615
듑,615
횄,615
긘,614
쫛,614
쀍,614
붚,614
썐,613
죇,613
앹,613
벝,612
즞,612
춐,612
괻,612
횸,612
앧,612
씝,612
겫,611
뤁,610
봈,610
븽,609
쐑,608
섿,608
펵,608
늖,607
슶,607
쵠,606
뤡,606
띘,606
푿,605
쁺,605
홐,605
짒,605
뒵,604
웇,604
뺣,604
냤,604
뢱,603
벆,603
킪,603
얩,603
홒,602
뎋,602
쟜,600
쁌,600
멊,599
롲,598
쬲,598
듃,598
쿜,597
뷒,597
뵥,597
빞,596
쿇,596
펲,596
븯,596
뭌,596
싕,595
뽷,594
곟,593
팈,592
쯍,592
릔,592
붾,592
엓,592
똒,592
쾍,592
꿁,592
픎,591
룃,591
읐,591
퓩,590
뷩,590
벾,590
븃,590
넞,590
볾,589
뺭,589
븉,589
횹,589
줰,589
젵,588
붤,588
싨,588
즨,588
뽤,588
뺤,587
붛,587
줔,587
홨,587
녿,586
컪,586
믱,586
펺,586
씜,585
돆,585
꼄,585
끛,585
릷,585
둁,585
껩,584
뀬,584
빂,584
췼,583
퓟,583
쓣,582
텈,582
늚,581
숳,580
릲,580
엵,579
훜,579
뼌,579
묒,579
왖,578
첞,578
걑,578
욭,578
뫁,578
쇻,578
룏,577
쁀,577
첚,576
똫,576
칯,576
룯,575
뒸,575
줮,574
옣,574
궘,573
똈,573
샎,573
믇,573
쮠,573
왇,572
쭎,572
꺤,572
뒃,572
뱟,572
뒝,571
젣,571
읰,571
턀,571
뒇,570
붴,570
풱,570
몮,570
냊,570
췅,569
혭,568
줃,568
혺,567
퀫,567
넊,567
쥉,567
닣,566
솼,566
롟,566
섲,566
툶,566
춯,566
믠,565
쥿,565
뺩,565
꾱,565
엫,565
쒊,565
뼙,564
헏,564
뱝,564
밲,563
핊,563
귣,562
픿,562
냏,561
죟,561
댭,561
셐,561
뭨,560
웧,560
곙,560
눨,559
롵,559
뭊,559
붹,559
웋,559
쳨,558
쩼,557
붏,556
쟾,556
뵛,555
죿,555
솕,555
뾸,555
턈,554
윻,554
쬽,554
긧,554
삕,554
셬,553
갷,553
촴,553
쓽,553
뮥,552
퍀,552
쨱,552
헁,552
혿,552
슜,552
뭴,551
쐽,551
뮝,551
옂,551
뀳,551
듶,550
뜾,550
펢,550
칬,549
죧,549
눟,549
쓍,549
륽,549
촏,549
흇,549
큲,548
릘,548
꼻,548
뭃,548
턻,548
쎆,548
뇻,548
쨢,547
윺,547
쀨,546
썀,546
뵬,546
쇈,546
쇾,546
픝,545
뮛,545
맼,544
긬,544
쭏,544
괒,543
옒,543
끉,543
렫,543
쒗,542
퐛,542
켵,542
꾧,542
좽,542
볲,542
쒹,542
얂,541
꼲,541
콮,541
릱,541
븓,541
맃,540
눳,540
옧,540
댝,539
뿉,539
섺,538
끀,538
벎,538
뒁,537
탣,537
뚞,537
쥤,537
얫,537
뻩,536
넔,536
웒,536
뱶,536
춌,536
덭,536
눘,536
듲,536
댾,535
됵,535
떆,535
웦,534
됔,534
쇟,534
걌,534
쮼,534
싁,534
뢈,534
긐,534
퍌,534
뱓,533
뜼,533
촻,533
킫,532
뭤,532
묨,532
쮝,532
숰,532
궇,532
쎽,532
랱,532
톅,532
넿,532
똗,532
궶,531
숃,531
몔,531
낃,531
럲,531
봰,531
넾,531
쳊,530
슿,530
싟,530
펻,530
쏄,530
쓲,529
됟,529
멲,529
춪,529
됮,529
녆,529
슟,528
떗,528
힏,528
벺,528
닋,528
틓,528
욈,528
엝,528
몉,527
퓡,527
턠,527
쟬,527
쎃,527
줕,527
괂,527
핓,527
똞,526
먗,526
릯,525
엹,525
겷,525
쿦,524
냌,524
옃,524
뷥,524
뷤,524
댖,524
멑,524
탼,523
왰,523
쾶,523
괃,523
빓,523
딀,523
뤳,522
듼,522
큙,522
콫,521
뤵,521
뒴,521
췽,521
웑,521
찓,520
붳,520
죘,520
쇿,520
웥,519
픵,519
헫,519
쎀,519
릃,518
뚰,518
슢,517
쑀,517
욊,517
굩,517
쇗,517
쾬,517
볃,516
큖,516
펰,516
폳,515
늟,515
펱,515
엙,515
팉,514
땲,514
륿,514
몋,514
튂,514
솒,514
쌧,514
웕,514
썯,513
슯,513
쇡,513
젰,513
슻,513
웛,513
뫊,513
믽,512
턿,512
읉,512
똴,512
닒,512
쒝,512
펔,512
돻,511
귘,511
걳,511
낻,511
뤙,511
쩀,511
곒,511
넺,510
겥,510
핃,510
쎵,509
쓷,509
긌,509
힇,509
먻,508
쐤,508
뗗,508
쫃,508
뻶,508
덎,508
줈,507
몒,507
쀽,507
븣,507
땸,506
풜,505
갅,505
휍,505
봙,505
퐄,505
폯,505
붼,505
뿀,505
덊,505
갏,505
긽,505
믺,504
몳,504
엻,504
뉑,504
슮,504
앾,503
봡,503
꺗,503
챴,503
냼,503
쑛,503
쫂,503
줱,503
멪,503
눜,503
욝,502
굚,502
듹,502
룷,502
슱,502
둏,502
꺔,502
웗,502
뗳,502
슦,501
쇵,501
홬,501
뉙,501
뿠,501
펂,501
콛,500
헼,500
싪,500
듟,500
컮,500
콚,499
갣,499
먓,499
흏,499
벸,499
틤,499
퇵,499
곔,499
칀,499
쥌,499
딭,499
틷,499
콯,499
풒,498
졶,498
쨤,498
몱,498
봶,497
꺴,497
럻,497
즥,497
뭩,497
뤨,497
컿,497
싥,497
쨷,496
늿,496
땩,496
끾,496
렞,496
혱,496
홅,496
칊,496
갴,496
풑,496
쥅,495
죂,495
퉅,495
맿,495
뼡,495
멷,494
힡,494
줎,494
륳,494
쬤,494
곴,494
볗,493
굨,493
샣,493
잀,493
뒫,493
뼟,493
챸,493
궓,493
꾪,493
뙜,493
밶,493
눚,492
찗,492
슄,492
꼅,492
뱚,491
땤,491
쩗,491
윹,491
얒,490
녬,490
눂,490
뷉,490
렾,489
줙,489
굯,489
쇀,488
읤,488
껃,488
쭭,488
퇬,488
돍,488
벩,488
벿,488
쟄,488
떩,488
얙,488
톢,488
릂,487
븞,487
숡,487
뱱,487
떒,487
롫,486
즺,486
혖,486
뒐,486
꽇,486
뒘,486
숂,486
녱,486
컲,486
겎,486
퉬,486
댏,486
봫,486
읮,486
굝,485
볷,485
쵲,485
걉,485
헡,485
겇,485
똮,485
떦,485
뛟,484
킐,484
싡,484
싐,484
슂,484
옞,483
멵,483
릋,483
켇,483
엸,483
픡,483
룖,483
끚,483
쨅,483
헪,483
뫌,483
끰,483
떌,482
톁,482
늸,482
볂,482
쪌,482
뻄,482
뇄,482
뙋,482
롳,482
졿,482
죚,481
즠,481
륲,481
뢾,481
괨,481
웱,481
뫀,480
젉,480
핗,480
퓍,480
힒,480
햩,480
홇,480
윥,480
뺒,480
먆,479
쩸,479
뎦,479
뼇,479
얷,479
숧,479
쇴,479
촿,479
낆,479
둪,478
앁,478
뢿,478
뼏,478
쩩,478
훏,478
팯,478
죷,477
쭦,477
눀,477
캽,477
욿,477
븮,477
빘,477
긤,477
븁,477
볠,477
켥,477
젨,477
폁,477
슏,476
퐎,476
뫏,476
녥,476
믛,476
뫎,476
킇,475
겗,475
텓,475
뒿,475
뇹,474
뺢,474
섍,474
첢,474
귥,474
뼐,474
썍,474
혛,474
쥒,474
쒨,474
훊,474
줂,474
곣,474
좏,473
쟆,473
멛,473
궸,473
넏,473
끘,473
뗭,473
똵,472
뽥,472
쐛,472
몲,472
붷,472
숁,472
읈,472
빀,472
몴,472
붅,471
붎,471
셯,471
왂,471
홪,471
좠,471
빟,471
괫,471
륺,471
쯈,471
뗜,470
넻,470
뱧,470
쉉,470
릥,470
뼀,470
뤱,470
땞,470
딉,470
톛,470
좩,470
뮘,470
꽴,469
씔,469
챝,469
졳,469
궡,469
끜,469
볒,469
뀪,469
퐆,469
꾬,469
첰,469
즑,469
쭚,468
좧,468
햍,468
룒,468
톷,468
풐,468
렣,468
픟,467
솪,467
꾁,467
겢,467
쪹,467
뜿,467
돇,467
냒,467
쓥,467
웯,467
캿,467
곃,466
썁,466
뫅,466
뵷,466
돿,466
탵,466
쪕,465
텊,465
뗸,465
륹,465
곢,465
왴,464
훞,464
롡,464
읟,464
뎘,464
숅,464
쟟,464
썙,464
쑌,464
쒰,464
벢,464
뒚,464
뿕,464
펾,464
첲,464
헗,463
돓,463
픊,463
놎,463
꺈,463
쩮,463
뀩,463
겵,463
좜,463
벖,463
뇜,463
쭵,463
흒,463
읳,463
톽,463
뙡,463
쫱,463
줼,462
젘,462
푾,462
삖,462
욫,462
폲,462
쉄,462
긊,462
걐,462
겱,462
뺫,462
돖,462
튶,462
꽨,461
꿂,461
큌,461
춝,461
쯋,461
혯,461
츩,461
춛,461
닚,461
젺,461
갃,461
떊,461
닑,460
샋,460
셆,460
엦,460
섫,460
쎇,460
픤,460
홁,460
퓹,460
뫘,460
긹,460
퍞,460
궭,460
귵,459
벟,459
긒,459
쿹,459
쓋,459
쨖,459
쵬,459
듡,458
꺍,458
뎟,458
먖,458
츗,458
뷍,458
벑,458
똇,458
뀉,458
폑,458
돸,458
춭,458
혚,458
풓,458
챷,458
솣,457
쵯,457
숋,457
뱆,457
겴,457
폣,457
뼒,457
촷,457
엋,457
렪,457
퐇,457
쟸,456
갶,456
엺,456
쳴,456
룪,456
릵,456
뒙,456
촫,456
헒,456
햙,455
캨,455
흌,455
겮,455
늝,455
슪,455
줐,455
챺,455
돽,455
텮,455
폏,455
뽠,455
땬,455
똡,454
킿,454
뀁,454
흿,454
돲,454
곅,454
벉,454
윛,454
찒,454
뿎,454
뤅,454
밊,453
숕,453
볋,453
돾,453
헞,453
붠,453
붽,453
룕,453
럡,453
묐,453
꿻,453
픨,453
갵,453
훎,452
촦,452
겣,452
헊,452
췔,452
삒,452
켴,452
엲,452
굹,452
킮,452
홟,452
욎,452
킻,452
헕,452
뺠,452
뇍,452
쑦,452
먉,451
뭑,451
삨,451
돰,451
릾,451
쿌,451
뵵,451
갌,451
뉍,451
졵,451
쐼,451
슚,451
걁,451
럱,451
졂,451
켆,451
궔,450
촼,450
뺂,450
듳,450
먰,450
킌,450
튯,450
룞,450
꺜,450
퉐,450
즏,450
쵴,450
믖,450
헮,449
늲,449
좸,449
쫔,449
옲,449
첱,449
싧,449
뙏,449
욖,449
앲,449
쬑,448
뒛,448
졺,448
턤,448
겕,448
틭,448
웢,448
뒄,448
뿥,448
룾,448
쵡,448
줅,448
걕,448
옠,448
륶,448
탟,447
꺂,447
붆,447
튻,447
뿬,447
솸,447
펟,447
멐,447
뫗,447
볹,447
쳀,447
혾,447
셓,447
큛,447
윪,447
퐂,446
긏,446
껕,446
뜃,446
괐,446
밳,446
쟃,446
똰,446
궯,446
쭨,446
꾝,446
앶,446
큳,445
띜,445
겾,445
걵,445
좈,445
큗,445
킭,445
쿺,445
붰,445
뙆,445
룓,445
쓬,445
쾐,445
늳,445
괺,445
춬,445
셫,445
컻,445
쵈,445
쨒,445
씾,444
덇,444
됰,444
썲,444
퓮,444
끱,444
핋,444
칱,444
뾲,444
퐒,444
됱,444
삩,444
샽,444
닄,444
럯,444
턷,443
펹,443
욼,443
픜,443
닟,443
떇,443
횢,443
뚊,443
츮,443
쁫,443
혰,443
삗,443
빐,442
푢,442
풴,442
킺,442
쐥,442
섡,442
봧,442
훰,442
쒱,442
풸,442
욶,442
뽬,442
춖,442
룉,441
먘,441
젒,441
풕,441
븢,441
멇,441
솏,441
뛣,441
츛,441
냫,441
븎,441
뱕,441
껋,441
뻒,440
뎮,440
쇌,440
뵒,440
뱰,440
쏚,440
꺟,440
뀍,440
쓤,440
럶,439
룋,439
봢,439
뉫,439
폘,439
볯,439
낊,439
뾞,439
묩,439
놤,439
렃,439
폊,439
힑,439
뉌,439
칎,439
럏,439
븳,439
뎰,438
췜,438
괕,438
뭲,438
햭,438
춢,438
듓,438
씷,438
덂,438
덣,438
렊,438
괠,438
핐,438
쐗,438
첺,438
셗,438
퉵,437
곿,437
뭹,437
쫚,437
셖,437
졬,437
럌,437
렋,437
걼,437
쎳,437
뻨,437
됳,437
뀗,437
릡,437
녻,437
쓖,437
뒠,437
삜,437
띅,437
갍,437
걻,436
쮔,436
낋,436
뭶,436
쟻,436
슅,436
쁽,436
쇘,436
뎩,436
롁,436
챜,436
즪,436
눆,436
솭,436
츉,436
앩,436
겙,436
푶,436
홚,436
혙,436
샢,435
쥄,435
섳,435
콂,435
졁,435
퉍,435
둵,435
궥,435
껉,435
좣,435
넟,435
럩,435
덲,435
퀁,435
섢,435
녙,435
훋,435
휪,435
콪,435
첟,435
싮,435
꿓,434
슔,434
갽,434
굾,434
겳,434
쯀,434
뚕,434
즴,434
띻,434
옢,434
셛,434
슳,434
섾,434
궫,434
먞,434
퍤,434
씈,434
럔,434
졻,433
쟹,433
퉣,433
쳧,433
쭬,433
쒈,433
녴,433
륮,433
몺,433
귽,433
먭,433
뷺,433
즢,433
졛,433
횑,433
읬,433
훻,433
갆,433
뺥,433
쩽,433
덗,433
멶,433
뿩,433
푕,433
밁,433
꾶,433
쎥,433
뀸,432
솗,432
잲,432
젚,432
갻,432
뮁,432
녋,432
흅,432
뻺,432
눰,432
싩,432
뭪,432
쐻,432
뮙,432
땹,432
뭋,432
쬥,432
챍,432
쪱,432
뭂,432
뻼,432
벓,431
믎,431
뾮,431
릈,431
썾,431
둚,431
혆,431
잶,431
굈,431
븼,431
벲,431
텇,431
둼,431
꽕,431
푷,431
쿅,431
엱,431
뺶,431
갮,431
졝,431
젞,431
븹,430
쳦,430
쉛,430
끨,430
앷,430
셎,430
깮,430
휻,430
쑁,430
뱸,430
칔,430
쾿,430
똧,430
왉,430
헽,430
겚,430
덙,430
췈,430
챚,430
붵,430
쩢,430
쪂,430
젿,430
몝,430
룣,429
뿼,429
뚄,429
삉,429
섮,429
븩,429
컖,429
룠,429
뱢,429
왒,429
뿓,429
갳,429
죴,429
듪,429
쩦,428
캺,428
톌,428
꽣,428
샡,428
틶,428
굙,428
혟,428
찥,428
큺,428
퓛,428
쾹,428
홎,428
봠,428
엒,428
뎝,428
릨,427
킲,427
캩,427
뽔,427
냰,427
옔,427
봗,427
춟,427
곜,427
욑,427
쒄,427
봵,427
듻,427
쥧,427
쁍,427
엕,427
궴,427
쎡,427
맧,427
쓐,427
볅,427
겦,427
흊,426
퇳,426
썋,426
욣,426
뛃,426
꾏,426
죅,426
쵄,426
힞,426
홶,426
럊,426
딣,426
늌,426
놁,426
텹,426
끂,426
흖,425
뤃,425
켼,425
뵾,425
큫,425
컘,425
쭅,425
뢤,425
뀼,425
쪵,425
쯴,425
꺋,425
슡,425
홭,425
뽋,425
픸,425
힄,425
뷻,425
슇,425
츸,425
칈,425
첤,425
졭,425
듰,425
솫,425
퐑,425
잁,425
눓,425
솹,425
뿽,425
걧,425
컶,425
붬,425
쭗,425
낉,424
콶,424
뽛,424
홮,424
윍,424
햰,424
캖,424
됪,424
퀨,424
풞,424
뿗,424
윝,424
픁,424
쭹,424
쇙,424
섘,424
쌚,424
띴,424
즋,424
띙,424
킙,424
떉,424
앢,424
얈,424
롮,424
둨,424
곩,424
퉨,424
뚣,424
꿒,424
킸,424
슠,424
긢,424
팺,424
놥,424
퀍,424
챎,423
훀,423
샔,423
틎,423
딦,423
퍃,423
뚙,423
쐘,423
깂,423
췡,423
텆,423
랢,423
뉽,423
줵,423
뇠,423
툈,423
쏯,423
놼,423
녚,423
륢,423
쩓,423
웚,423
좂,423
푆,423
뾁,423
쾈,423
퐘,423
튚,423
쩞,423
댦,423
뺜,423
엜,422
븬,422
퉆,422
튃,422
쿮,422
킆,422
뷋,422
핒,422
뒺,422
냎,422
풯,422
뫂,422
낐,422
룊,422
렽,422
뗵,422
떛,422
픹,422
젡,422
쮡,422
끸,422
쪅,422
솋,422
꽢,422
썈,422
갿,421
퉥,421
긻,421
훚,421
걒,421
벏,421
숇,421
뗠,421
혇,421
묞,421
퐣,421
훱,421
튵,421
튴,421
쉜,421
뫕,421
큻,421
솺,421
몣,421
켫,421
혩,421
쭞,421
쓀,421
렧,421
쩎,420
걓,420
쪔,420
눧,420
덝,420
쒶,420
릦,420
훫,420
궎,420
녇,420
픴,420
쉙,420
떖,420
뿁,420
쌷,420
밿,420
칗,420
퉹,420
눵,420
꺸,420
캷,420
덌,420
쨟,420
좑,420
퍉,420
쳏,420
늍,419
쥩,419
퉝,419
땼,419
랪,419
돧,419
즒,419
옍,419
칪,419
졒,419
됃,419
뚡,419
뇡,419
굃,419
폩,419
폥,419
횺,419
봲,419
땓,419
퐗,419
굀,419
걤,419
퓒,419
펗,419
뎆,419
끡,419
콋,419
벊,419
뻵,419
쵿,419
뿰,419
뺎,419
땑,418
뀅,418
욙,418
썫,418
혲,418
쵭,418
쀰,418
턺,418
줥,418
뀷,418
춠,418
냩,418
쀏,418
턅,418
툳,418
꺕,418
찊,418
죯,418
씊,418
띃,418
릣,418
힖,418
뉹,418
뷫,418
늮,418
뤔,418
녅,417
뗁,417
텛,417
걙,417
셲,417
됢,417
솿,417
놌,417
렶,417
퍣,417
꼚,417
륔,417
껟,417
붝,417
멃,417
퀩,417
땛,417
먙,417
먑,417
윚,417
쁬,417
흱,417
짿,417
쟕,417
겭,417
텞,417
쒬,417
댙,417
츧,417
칦,417
쀅,417
똪,417
냍,417
헲,417
륖,417
핺,416
릪,416
퐜,416
횾,416
퓏,416
쬛,416
폖,416
왮,416
숦,416
뿛,416
쾽,416
뎭,416
렰,416
쉶,416
쪝,416
꺏,416
귚,416
뗶,416
쾩,416
뮵,416
췝,416
럸,416
쓛,416
쐞,416
럨,416
쳮,416
뼨,416
뎉,416
죋,416
퉞,416
눲,416
귗,416
뎺,416
븚,416
긕,416
껳,416
곲,416
뀹,416
릸,416
쇔,416
쬇,416
뷃,416
혘,416
퍵,416
녡,416
됼,416
됧,416
뵭,416
옱,415
긲,415
믬,415
솄,415
픮,415
쒋,415
믭,415
뙠,415
둇,415
쁥,415
퐀,415
멾,415
걫,415
줻,415
꺘,415
떺,415
걗,415
쐩,415
쟠,415
짏,415
틗,415
훁,415
뻽,415
샫,415
줚,415
됒,415
폠,415
덏,415
꼡,415
뤚,415
쟇,415
욚,414
셊,414
왵,414
섂,414
룦,414
줊,414
멒,414
삙,414
뙯,414
궠,414
뎓,414
뻝,414
뚈,414
뛱,414
럒,414
궻,414
뛌,414
텶,414
켚,414
잂,414
뉾,414
젳,414
홣,414
딡,414
꽟,414
횷,414
쉯,414
챛,414
캢,414
놾,414
퇑,414
뜈,414
힗,414
듊,414
쟣,414
곫,414
뜜,414
녖,414
칓,414
뿤,414
쯁,413
뗙,413
쀜,413
뛷,413
깵,413
럥,413
칝,413
듩,413
뽞,413
톶,413
윭,413
묪,413
껰,413
몁,413
췋,413
젷,413
쉷,413
놕,413
삊,413
쒾,413
굗,413
믆,413
쎱,413
슀,413
풩,413
딝,413
됲,413
픂,413
솢,413
뭭,413
듅,413
턳,413
댗,413
솻,413
줟,413
츂,413
땳,413
궹,413
쀊,412
섪,412
켿,412
뀥,412
낎,412
괆,412
녣,412
쭒,412
갺,412
텧,412
뛛,412
쮞,412
둅,412
퇿,412
긃,412
욵,412
쫫,412
쨦,412
믲,412
횜,412
뵺,412
캫,412
쩏,412
벫,412
쵺,412
쑞,412
퍍,412
퇇,412
녊,412
걥,412
졮,412
듮,412
퍊,412
굜,411
읥,411
쀘,411
컀,411
퐙,411
곥,411
픑,411
쁝,411
뮳,411
폷,411
퓁,411
펓,411
굤,411
섩,411
꾡,411
뭿,411
붫,411
쳟,411
퐶,411
뼳,411
쯱,411
쿔,411
뀱,411
봃,411
쩯,411
땧,411
큏,411
즊,411
늁,411
뢩,411
퍋,411
쁰,411
푞,411
뭗,411
륂,411
귷,411
쏒,411
깪,411
웷,411
걹,411
틽,411
먌,410
훮,410
봂,410
쫅,410
졯,410
퍪,410
붋,410
뽆,410
뎢,410
줖,410
갲,410
뢕,410
긭,410
뾭,410
씫,410
츀,410
뜆,410
춒,410
끤,410
쇎,410
쭷,410
촎,410
뜄,410
븭,410
쭻,410
뱗,410
즂,410
냗,410
힅,410
뀿,410
밆,410
냟,410
셮,410
믪,410
킂,410
픉,410
솴,409
뀦,409
륪,409
뽃,409
콀,409
뉕,409
릺,409
펃,409
럑,409
뵑,409
숵,409
꾑,409
쟵,409
됦,409
볈,409
뀻,409
뚹,409
윴,409
뉔,409
뜳,409
륰,409
럜,409
츶,409
쎐,409
겖,409
뙬,409
욽,409
풇,409
씿,409
쀧,409
귟,409
긨,409
쬞,409
홢,409
펯,409
줁,409
뱾,408
뻕,408
롪,408
탴,408
샞,408
킠,408
낇,408
훷,408
졜,408
돣,408
땵,408
툤,408
씶,408
뱽,408
쐙,408
띀,408
꼃,408
믊,408
혣,408
쫮,408
툱,408
쌮,408
뀛,408
샗,408
싙,408
쩕,408
믩,408
솖,408
뤟,408
긞,408
꼫,408
멯,408
잸,408
껗,408
뾤,408
퍟,408
걎,408
떚,408
똉,408
븱,408
쉇,408
귉,407
옟,407
틕,407
궕,407
틳,407
릆,407
볖,407
튖,407
긾,407
흕,407
쾫,407
굫,407
팿,407
랻,407
뀴,407
럙,407
혷,407
튇,407
횥,407
꽚,407
쳋,407
땒,407
헍,407
쁞,407
삧,407
힂,407
븇,407
잮,407
싘,407
뷵,407
꼑,407
랤,407
쒩,407
톥,407
뭵,407
쩋,407
셭,406
궲,406
쇛,406
퀮,406
갥,406
쏰,406
쳈,406
싓,406
묈,406
귩,406
뜔,406
틃,406
씍,406
훯,406
쩊,406
췉,406
퇪,406
뚦,406
텠,406
롊,406
큕,406
촋,406
햆,406
릕,406
숐,406
팆,406
뢋,406
럹,406
뾜,406
뭚,406
뱩,406
욓,406
퀰,406
첡,406
뵰,406
꺇,406
큁,406
넯,406
틹,406
멻,406
끞,406
떓,406
멚,406
쫸,406
눏,406
딇,406
켉,406
훸,406
퉊,406
겲,406
뗈,406
턋,406
쪩,406
톝,406
헢,406
촔,406
귶,406
쭃,406
똕,406
좿,406
툍,405
젟,405
왡,405
뮩,405
뿶,405
뙩,405
꼣,405
룇,405
븊,405
쬚,405
젻,405
곮,405
땻,405
늽,405
놇,405
쑜,405
늤,405
벦,405
쯚,405
귳,405
켪,405
쬊,405
졄,405
굦,405
줿,405
럺,405
뮻,405
됗,405
덺,405
뙒,405
넶,405
젾,405
뼬,405
퍔,405
쥫,405
륉,405
똙,405
꽮,405
쇬,405
봒,405
궍,405
뉻,405
켣,405
찃,405
틏,405
젪,405
셁,405
댿,405
걿,404
뿘,404
첻,404
챞,404
쁛,404
늎,404
솉,404
쮗,404
끁,404
뽵,404
챩,404
쇦,404
죒,404
쫎,404
녰,404
좒,404
왍,404
솯,404
쒮,404
륯,404
쀛,404
롧,404
얦,404
윫,404
롿,404
짍,404
딏,404
촲,404
횠,404
뿈,404
뢲,404
쐍,404
챶,404
쾘,404
픋,404
촁,404
돶,404
촾,404
롃,404
믉,404
쉤,404
뾥,404
눃,404
슃,404
뾡,404
넄,404
즀,404
칤,404
퐊,404
쨸,404
쓈,404
혦,404
퀝,404
챹,404
늋,404
쓶,404
껎,404
짃,404
꿚,404
왧,403
퉌,403
솷,403
쑾,403
븏,403
흶,403
졣,403
쒛,403
뤰,403
숗,403
횊,403
퍗,403
퍁,403
괔,403
췛,403
쩿,403
둢,403
퍳,403
긣,403
뵞,403
흦,403
뎷,403
럖,403
갾,403
먤,403
햀,403
곓,403
늛,403
쬪,403
뒋,403
쫐,403
뀺,403
퍆,403
쓘,403
뇋,403
샓,403
뚍,403
쳙,403
폓,403
롾,403
솈,403
뭦,403
굟,403
툄,403
콌,403
솶,403
줳,403
똺,403
둧,403
쏽,402
댰,402
쇲,402
밵,402
뢼,402
낓,402
뗚,402
쮨,402
봋,402
늞,402
캻,402
됤,402
탳,402
쇇,402
룱,402
췾,402
촭,402
븈,402
봾,402
큆,402
럷,402
뫚,402
쩚,402
낶,402
쉎,402
흞,402
휺,402
믗,402
뼩,402
떣,402
폎,402
푣,402
큤,402
녭,402
짾,402
롰,402
퉄,402
퇂,402
럠,402
뇳,402
똚,402
췓,402
뜛,402
걊,402
엚,402
뮠,402
궋,402
퐚,402
뭈,402
묓,402
룧,402
큱,402
쁐,402
깺,402
킶,402
졕,402
둤,402
돏,402
읦,402
솾,402
힟,402
푲,402
묇,402
솘,402
홌,401
븤,401
땰,401
둷,401
텒,401
쭣,401
줋,401
썎,401
쳍,401
럣,401
꺚,401
쿟,401
랝,401
줨,401
컺,401
첹,401
쭠,401
퐖,401
콈,401
퇃,401
밽,401
섆,401
둝,401
섽,401
뤑,401
큟,401
쒎,401
긄,401
헔,401
녾,401
뮮,401
뫟,401
쳜,401
칑,401
븆,401
흚,401
췺,401
껹,401
쾧,401
쐀,401
낽,401
딆,401
갟,401
뽉,401
윖,401
쪒,401
쿭,401
쏊,401
룚,401
샖,401
텘,400
툟,400
뀟,400
쫢,400
뷹,400
돯,400
힕,400
씄,400
뜲,400
껦,400
럪,400
잺,400
먥,400
뾀,400
퐃,400
뗫,400
쫞,400
쩪,400
픾,400
뫜,400
볆,400
앪,400
믻,400
뎵,400
듙,400
큍,400
댴,400
퓣,400
뼴,400
쏣,400
쐺,400
몟,400
쬣,400
헃,400
쪜,400
켋,400
틪,400
첥,400
쓮,400
녝,400
쥍,400
똷,400
뽊,400
톞,400
뼯,400
봦,400
웼,400
룺,400
쀇,400
큾,400
킘,400
쇞,400
헾,400
쾸,400
붃,400
뷬,400
딈,400
셹,400
껞,400
뉛,400
셂,400
맦,400
몡,400
찖,400
쫆,400
욃,400
폺,400
삞,400
뻛,400
쁸,400
볭,400
볁,400
뀧,399
쎿,399
엧,399
쎺,399
큵,399
흜,399
꽄,399
쀿,399
쨂,399
꿐,399
묯,399
퓲,399
쳩,399
흆,399
괖,399
즟,399
셃,399
뎗,399
뤺,399
큯,399
걖,399
묱,399
껲,399
쪎,399
쾥,399
쫺,399
믃,399
얳,399
믷,399
푻,399
붢,399
욗,399
쯢,399
뻦,399
뷌,399
헄,399
쉆,399
맪,399
랞,399
쭇,399
댥,399
컰,399
펇,399
섌,399
쑸,399
쒠,399
뒢,399
튨,399
챻,399
섨,399
겞,399
쟓,398
딐,398
잷,398
뻾,398
봝,398
햃,398
뛄,398
븻,398
읲,398
릹,398
툅,398
쿶,398
엞,398
쫊,398
샻,398
믞,398
눿,398
촢,398
풆,398
쨻,398
쥝,398
큷,398
롚,398
궳,398
턉,398
덚,398
뢘,398
틝,398
쎟,398
튮,398
캝,398
즬,398
즾,398
뷑,398
꽓,398
꺩,398
뎻,398
쩥,398
뢦,398
쉍,398
붯,398
졇,398
긛,398
쾠,398
흺,398
봚,398
햴,398
삟,398
큶,398
픲,398
쩙,398
욂,398
펳,398
뇯,398
썷,398
벭,398
윂,398
룢,397
헳,397
볞,397
뼧,397
콍,397
꿛,397
큋,397
췦,397
쭥,397
홙,397
뾽,397
퍲,397
뱖,397
뎶,397
퍾,397
뤶,397
뾗,397
쑢,397
킒,397
켌,397
둭,397
꺝,397
뽼,397
빊,397
쨝,397
쀋,397
켦,397
뮍,397
롎,397
춻,397
쳗,397
푥,397
롇,397
륟,397
삦,397
컡,397
뿑,397
꾘,397
딖,397
킞,397
땏,397
왨,397
쑯,397
첔,397
쟥,397
삇,397
퉃,397
샍,397
뵆,397
퉼,397
롢,397
졑,397
퉽,397
꼱,397
쿩,397
쐅,397
뛩,397
띉,397
둦,397
뙗,397
쫻,397
쳭,397
뮾,397
걡,397
뾢,397
퓷,397
킛,397
뙹,397
믰,397
봱,397
즗,396
쌢,396
뺉,396
뤋,396
갎,396
큢,396
틅,396
퐿,396
겶,396
뵴,396
녧,396
콆,396
낗,396
띦,396
떭,396
녲,396
짉,396
둹,396
븷,396
쥸,396
귨,396
뙎,396
긯,396
쾔,396
뀒,396
춞,396
휐,396
떬,396
붺,396
쾴,396
귡,396
줷,396
쁼,396
꽱,396
늈,396
꿹,396
팴,396
쪓,396
껡,396
톎,396
죊,396
쮁,396
츦,396
쯸,396
퉛,396
뷣,396
첏,396
뚳,396
싚,396
뽯,396
쫰,396
삁,396
횵,396
즍,396
쀮,396
쉳,396
쥖,396
첐,396
젫,395
몖,395
궮,395
쑄,395
곇,395
묔,395
몓,395
뭛,395
뼍,395
킜,395
쓻,395
뙫,395
렓,395
츓,395
뭸,395
캧,395
뵪,395
츊,395
맮,395
턲,395
뷈,395
냳,395
뫽,395
쇩,395
쁖,395
쭩,395
픘,395
둩,395
늺,395
쑩,395
휲,395
쉝,395
쓳,395
뱛,395
닎,395
찞,395
칅,395
닍,395
뎸,395
톭,395
폂,395
퉶,395
윲,395
퐬,395
쎪,395
챽,395
뿮,395
닇,395
퀃,395
궢,395
놪,395
듨,395
쵮,395
쉌,395
퉂,395
쓜,395
끮,395
뼺,395
꽷,395
퍓,395
퍫,395
꽙,395
쁊,395
켛,395
콵,395
룳,395
뇵,395
떸,395
쭲,395
눹,395
쒲,394
뜕,394
됻,394
죹,394
횓,394
뺯,394
휕,394
뢓,394
둒,394
쨐,394
쑺,394
쬱,394
뾳,394
냞,394
쪊,394
묧,394
궚,394
킯,394
렖,394
쩲,394
퐨,394
훘,394
챿,394
껢,394
뎞,394
헧,394
춾,394
켞,394
륅,394
칕,394
줣,394
뗅,394
쑘,394
뷭,394
쑡,394
꽯,394
꺧,394
푁,394
솙,394
퐾,394
벥,394
귇,394
펛,394
쥁,394
쀷,394
듽,394
욟,394
췮,394
팋,394
촗,394
텴,394
쐖,394
춆,394
튥,394
쨁,394
덵,394
봮,394
펥,394
휮,394
홾,394
흳,394
뽽,394
낺,394
첗,394
쮯,394
뤸,394
쇉,394
묮,394
휧,394
뺇,394
왽,394
뛦,394
썥,394
긆,394
햯,394
흲,394
깳,394
멦,394
뵲,394
귴,393
픶,393
슞,393
힀,393
쌬,393
훒,393
륁,393
욄,393
햒,393
쯲,393
쫼,393
왳,393
듿,393
푒,393
꼔,393
냺,393
롕,393
쯆,393
햸,393
쓯,393
줯,393
뮆,393
귰,393
옓,393
홞,393
럫,393
둌,393
쪻,393
흛,393
귏,393
꿯,393
씧,393
렅,393
릁,393
볮,393
뫡,393
껺,393
펬,393
몂,393
긟,393
뉁,393
뻅,393
뾕,393
눥,393
푙,393
묿,393
첧,393
뗊,393
읡,393
뢭,393
떾,393
얎,393
뙐,393
덆,393
틢,393
궙,393
먅,393
굋,393
캶,393
숢,393
눪,393
뇱,393
믂,393
쯼,393
꺛,393
웿,393
쾉,393
뷅,393
뱳,393
믯,393
쵁,392
훪,392
뎧,392
큒,392
꼩,392
헋,392
뇥,392
쐵,392
펆,392
쵥,392
븙,392
쾎,392
뙙,392
몍,392
폱,392
콎,392
텖,392
뫰,392
픐,392
쨇,392
늶,392
끣,392
걏,392
먴,392
뒯,392
퍕,392
볤,392
쑰,392
퍿,392
숷,392
욐,392
푴,392
츐,392
묌,392
쾼,392
쮓,392
뵝,392
냙,392
쥜,392
굏,392
앮,392
껖,392
쒞,392
켊,392
쑆,392
댹,392
숬,392
꽼,392
돥,392
쉗,392
츷,392
홝,392
뺓,392
뵫,392
괱,392
몦,392
쓚,392
잵,392
죲,392
촄,392
꺰,392
첀,392
벶,392
롏,392
휳,392
륬,392
뾵,392
죆,391
컙,391
켨,391
긦,391
뗛,391
놊,391
쵋,391
힆,391
늭,391
풄,391
흷,391
푏,391
뤲,391
츬,391
뮓,391
뱇,391
떮,391
뮜,391
휉,391
꽬,391
쟽,391
궞,391
쁋,391
킰,391
걮,391
홳,391
엢,391
튌,391
왃,391
뵊,391
쓟,391
졼,391
뒾,391
넲,391
턨,391
탡,391
쪥,391
쾻,391
뤧,391
뙮,391
뷶,391
촑,391
먷,391
푮,391
럕,391
콅,391
샑,391
갢,391
귢,391
갪,391
뜓,391
퇈,391
쑳,391
뫒,391
쓏,391
퐫,391
옋,391
홏,391
삎,391
쨴,391
퀿,391
퐥,391
풣,391
녒,391
텂,391
퇯,391
딁,391
떥,391
봖,391
걢,391
꼓,390
귲,390
씲,390
햻,390
뙴,390
즡,390
쯠,390
덡,390
왅,390
푋,390
첣,390
쨃,390
찉,390
릻,390
춏,390
쬳,390
걦,390
뛬,390
뱋,390
뺲,390
꽺,390
꽑,390
퇊,390
썴,390
뒑,390
괿,390
퉴,390
듔,390
눐,390
벂,390
먂,390
셷,390
뼹,390
믌,390
꿟,390
뗃,390
뵂,390
쮻,390
눮,390
퐠,390
엛,390
붪,390
댟,390
솂,390
튾,390
턭,390
굢,390
쌛,390
왦,390
뀯,390
쩣,390
놱,390
웫,390
쓗,390
씆,390
괰,390
괁,390
쨬,390
즼,390
딟,390
볿,390
왲,390
녃,390
빇,390
찀,390
텸,390
맰,390
꿖,390
듘,390
튪,390
뾚,390
귙,390
쩫,390
픇,389
꾛,389
럂,389
쟺,389
듇,389
뙷,389
똳,389
뎳,389
럃,389
퀳,389
곚,389
벷,389
뻱,389
렍,389
좹,389
쎝,389
샳,389
뾹,389
띊,389
앫,389
뢡,389
낕,389
몧,389
뼔,389
롂,389
쀯,389
읯,389
썠,389
탞,389
욏,389
셪,389
늃,389
끑,389
읧,389
뽲,389
쫡,389
궀,389
턾,389
홦,389
똨,389
윃,389
쉵,389
퇽,389
턬,389
햚,389
늊,389
헰,389
좕,389
쵍,389
뛶,389
쒡,389
뜙,389
웾,389
륓,389
땎,389
뛤,389
췭,389
큊,389
뚘,389
굍,389
롥,389
푽,389
쏔,389
뮼,389
졅,389
튣,389
섊,389
쁏,389
퉻,389
쬧,389
꺲,389
볙,389
쯝,388
쵳,388
돂,388
뉟,388
톫,388
튦,388
츋,388
콦,388
젢,388
턢,388
됷,388
콳,388
렩,388
롋,388
캟,388
긼,388
퀔,388
띸,388
캜,388
륆,388
뾾,388
넁,388
꺓,388
쇕,388
땗,388
꼤,388
쬾,388
롍,388
뜝,388
숝,388
꺖,388
칐,388
앦,388
뎒,388
뭫,388
멁,388
윑,388
톕,388
뢻,388
짌,388
긳,388
뤻,388
뷄,388
롆,388
쁎,388
즳,388
켏,388
틛,388
쳃,388
볫,388
칏,388
뾧,388
챬,388
뉬,388
뭳,388
꿥,388
섇,388
켩,388
듋,388
쒷,388
퇗,388
멺,388
쨵,388
괗,388
룭,388
냽,388
뱤,388
칛,388
쒍,388
몶,388
찅,388
뮺,388
롔,388
쇜,388
뽖,388
믚,388
픓,388
쥞,388
폌,388
먬,388
쀲,388
둫,388
냋,388
뇶,388
쀸,388
넧,388
뇊,388
쩴,387
팫,387
쿥,387
퉫,387
녌,387
킝,387
쎎,387
썖,387
픍,387
뀆,387
힔,387
뒍,387
뮦,387
츜,387
푌,387
쵨,387
뽰,387
쫷,387
뛞,387
쯽,387
븖,387
뼆,387
릝,387
쵦,387
긗,387
턟,387
졏,387
읛,387
횶,387
뻧,387
섃,387
뢌,387
렳,387
괎,387
묤,387
졚,387
꾌,387
냪,387
퇡,387
쎰,387
휂,387
찑,387
씮,387
뼓,387
떞,387
꽘,387
읞,387
뛋,387
꾲,387
컉,387
쁹,387
핹,387
쬀,387
쬮,387
혍,387
꿺,387
컍,387
뚵,387
휚,387
찏,387
뉀,387
쵣,387
즎,387
뢺,387
썟,387
룈,387
뛓,387
퇱,387
됊,387
롺,387
됣,387
뭝,387
쏷,387
쏧,387
퐞,387
굓,387
씗,386
쨑,386
놚,386
흵,386
좰,386
꽿,386
놿,386
껔,386
꾗,386
왞,386
헅,386
켲,386
흾,386
퐧,386
폨,386
쇢,386
븛,386
쑂,386
찠,386
뷮,386
웪,386
샿,386
뿦,386
냱,386
헶,386
뭕,386
뎴,386
셿,386
쓇,386
얤,386
쾱,386
댅,386
뷙,386
팳,386
뉋,386
퓭,386
푎,386
풖,386
펕,386
퐍,386
먍,386
맶,386
먨,386
뾑,386
쎷,386
꺭,386
앿,386
쏞,386
찤,386
춳,386
롌,386
퀤,386
쥙,386
턑,386
됋,386
쪺,386
헎,386
뚽,386
쉒,386
왋,386
홺,386
쳎,386
왎,386
퓉,386
곞,386
헟,386
삚,386
냾,386
걅,386
쪖,386
걚,386
쒭,386
쑙,386
낿,386
쀒,386
쮑,386
떷,386
칂,386
놃,386
쀪,386
틾,386
쟲,386
뎎,386
췑,386
릑,386
횁,386
껓,386
꼢,386
컃,386
믧,386
꺊,386
쪿,386
먚,386
횒,385
팮,385
웮,385
꽎,385
둺,385
걣,385
쓼,385
뒲,385
맳,385
뙭,385
볎,385
쇖,385
삪,385
껽,385
뺦,385
띪,385
뼫,385
퇋,385
녨,385
숽,385
뤒,385
쪃,385
캗,385
쎋,385
졞,385
믟,385
뀶,385
엂,385
츿,385
쐋,385
쎍,385
촕,385
멝,385
톀,385
묗,385
퐢,385
솑,385
툖,385
죖,385
쨨,385
씭,385
턕,385
륚,385
튰,385
잾,385
큹,385
뮿,385
됛,385
퓆,385
꺫,385
눸,385
찚,385
뛧,385
빉,385
븺,385
뗲,385
덢,385
폦,385
쬜,385
캚,385
뒖,385
썗,385
륐,385
얓,385
쿚,385
죥,385
폤,385
뮢,385
슕,385
얰,385
녶,385
뺺,385
뼵,385
훳,385
퍡,385
쑼,385
멽,385
쌹,385
킧,385
묖,385
뗒,385
됖,385
뺰,385
뙵,385
꼯,384
쀞,384
툎,384
쯗,384
뚅,384
엖,384
뒅,384
돺,384
냹,384
뒎,384
넕,384
췥,384
턆,384
춑,384
꼏,384
쁶,384
렟,384
쓃,384
럞,384
킊,384
뛨,384
죐,384
츯,384
퇢,384
쯭,384
턵,384
뎾,384
늂,384
릀,384
훴,384
눑,384
왺,384
픛,384
좢,384
텿,384
쫪,384
칄,384
셄,384
죮,384
욞,384
쫈,384
뜋,384
윏,384
쏑,384
뱣,384
놙,384
뻯,384
뗂,384
쵏,384
묲,384
렗,384
깫,384
폛,384
젧,384
갧,384
닕,384
셅,384
쪶,384
씥,384
믦,384
컜,384
옑,384
픯,384
뽙,384
쨲,384
힍,384
뿄,384
껝,384
몤,384
퓅,384
탮,384
쬖,384
햽,384
돩,384
쨚,384
즔,384
쟡,384
츣,384
뼶,384
쮚,384
꼶,384
뮫,384
캮,384
혽,384
쬆,384
닆,384
쁧,384
쥛,384
덿,384
쑮,384
뛙,384
쎬,384
쯟,384
녵,384
렒,384
겛,384
륒,384
쭯,384
뜍,384
헦,384
돊,384
띩,384
줲,384
쟩,384
컅,383
텏,383
뉣,383
즵,383
턦,383
쒤,383
딓,383
셞,383
싉,383
둛,383
튙,383
쨹,383
꿾,383
퍯,383
죏,383
풤,383
툨,383
뾙,383
꿄,383
푚,383
쾭,383
쵘,383
퀋,383
촆,383
뇙,383
폟,383
셝,383
꽞,383
긶,383
톑,383
쳚,383
쌖,383
왥,383
퐡,383
틇,383
귔,383
꽽,383
졧,383
퍐,383
묃,383
쎜,383
뇾,383
쌻,383
펦,383
쮧,383
뽻,383
픫,383
륗,383
뱏,383
쏉,383
걃,383
풲,383
좾,383
쨺,383
얯,383
짺,383
휹,383
뛝,383
햂,383
쑱,383
삍,383
헂,383
뫝,383
땚,383
뭀,383
끒,383
놖,383
뻟,383
퐺,383
쒿,383
똸,383
먪,383
꿽,383
빏,383
뤕,383
싇,383
뜧,383
걾,383
댻,383
녽,383
텳,383
쟶,383
뿭,383
룤,383
괮,383
톆,383
뾟,383
쵞,383
퇭,383
쨪,383
붲,383
둾,383
줛,382
즻,382
뮕,382
쇋,382
탲,382
똏,382
쨼,382
퉟,382
퐪,382
퍨,382
욒,382
뫤,382
똤,382
뽚,382
쒅,382
꿲,382
좫,382
섓,382
댶,382
쀵,382
쑚,382
혮,382
쮺,382
둈,382
츽,382
칳,382
팇,382
뻲,382
꿦,382
꼗,382
쵅,382
뚪,382
붞,382
솮,382
폧,382
왗,382
뉇,382
붭,382
썊,382
츞,382
첓,382
쾇,382
츑,382
퀡,382
뵡,382
뉶,382
븫,382
뛐,382
쒵,382
꾭,382
겏,382
쪇,382
괳,382
랯,382
픩,382
뤎,382
샚,382
딄,382
쇶,382
뽌,382
굲,382
뚃,382
뒳,382
넩,382
룆,382
띢,382
륃,382
쁡,382
쎭,382
뿿,382
뺱,382
쨯,382
줦,382
웳,382
첁,382
댉,382
푺,382
댩,382
믨,382
홡,382
쏓,382
뉊,382
띬,382
뤫,382
숹,382
쁇,382
쇧,382
즰,382
솱,382
쪞,382
픧,382
즚,382
딊,382
숉,382
좘,382
듚,381
왏,381
쯺,381
맯,381
쮥,381
뇕,381
컑,381
둽,381
풚,381
푫,381
쎂,381
윯,381
쵛,381
븒,381
삝,381
뢅,381
퀣,381
홠,381
꿷,381
홂,381
콁,381
퇆,381
츫,381
낖,381
픀,381
텢,381
쑫,381
뽇,381
퉺,381
귅,381
씘,381
뿾,381
휈,381
붨,381
쩭,381
퍏,381
뷞,381
놄,381
텵,381
뒊,381
푰,381
퀊,381
쪟,381
뒧,381
횂,381
퐹,381
잱,381
츺,381
뮇,381
쇁,381
뭓,381
쩳,381
쓦,381
뮏,381
됞,381
휢,381
먡,381
쉢,381
뎯,381
턝,381
뙝,381
왶,381
쑅,381
뺅,381
팪,381
콝,381
퀐,381
뵠,381
픢,381
텭,381
뜇,381
뷳,381
쟷,381
홃,381
봛,381
뺝,381
퇤,381
퍖,381
쏍,381
늱,381
뻻,381
폸,381
뾿,381
뜪,381
눫,381
괝,381
쌲,381
챲,381
꿣,381
윊,381
퇶,380
뿆,380
뜗,380
봟,380
뮉,380
휿,380
잹,380
춶,380
롻,380
댣,380
뛀,380
픖,380
넍,380
풢,380
깴,380
켷,380
퓯,380
흯,380
뢐,380
꺒,380
쐜,380
뢧,380
뉖,380
쁟,380
햪,380
쬻,380
멟,380
뉢,380
롛,380
폕,380
눍,380
봭,380
뾴,380
볇,380
댨,380
끃,380
햞,380
셢,380
뱵,380
뛥,380
턹,380
릤,380
뗨,380
쯎,380
쏬,380
쫤,380
곍,380
픚,380
꽫,380
퀺,380
팱,380
폍,380
뵇,380
뉈,380
쭴,380
뤦,380
늢,380
췀,380
녮,380
흋,380
랣,380
폃,380
쌡,380
휡,380
콐,380
띑,380
퀂,380
옡,380
쁉,380
쁁,380
튆,380
뤏,380
놣,380
뙉,380
굖,380
듺,380
꾥,380
졥,379
붍,379
쓒,379
귞,379
훣,379
컯,379
핿,379
꼠,379
퐵,379
놛,379
렚,379
믔,379
큚,379
긪,379
콑,379
됝,379
룼,379
톙,379
쨏,379
뚂,379
젩,379
픏,379
꿅,379
뫆,379
쐁,379
숿,379
흹,379
죢,379
쀳,379
쐔,379
뼋,379
띧,379
쐾,379
덳,379
뚎,379
쒧,379
삓,379
뢬,379
뾫,379
깯,379
쐭,379
륋,379
쐳,379
놻,379
괥,379
좮,379
곊,379
뽺,379
숎,379
쉞,379
쿢,379
싗,379
샧,379
홆,379
쪰,379
뷡,379
뼃,379
돒,379
퐱,379
뻖,379
눱,379
빒,379
햵,379
뭾,379
쉱,379
읱,379
왷,379
펣,379
굸,379
쐿,379
쫧,379
쪁,379
꼞,379
괚,379
댂,379
쳁,379
뾠,379
쉹,379
횈,379
쇒,379
봩,379
뙄,379
굱,379
믢,379
퉖,379
욅,379
놡,379
솚,379
몷,379
욻,379
륤,379
쏥,379
햢,379
칋,379
혡,379
쀓,379
퍷,379
텫,379
퐋,379
뇎,379
젮,379
뺪,379
텺,379
뗥,379
귌,379
눻,379
좺,378
귻,378
췆,378
럢,378
꾆,378
귍,378
걪,378
햱,378
볧,378
픺,378
얥,378
콹,378
햜,378
쮤,378
뇣,378
톇,378
쌦,378
뉏,378
퉇,378
꼂,378
횭,378
듗,378
쳼,378
뿱,378
쎹,378
돫,378
댷,378
낂,378
됶,378
쳖,378
눎,378
뾅,378
쒁,378
햖,378
쫳,378
폒,378
떏,378
읪,378
팭,378
좶,378
샲,378
븵,378
뀢,378
슗,378
긖,378
냦,378
츥,378
폡,378
꽗,378
뺗,378
뫓,378
졨,378
쇐,378
쮲,378
먃,378
턥,378
쌣,378
혊,378
쫁,378
렭,378
뇃,378
튫,378
갡,378
놠,378
켡,378
뼰,378
챋,378
봆,378
먠,378
쳞,378
쯨,378
쮕,378
뫱,378
곖,378
쓨,378
삢,378
낷,378
쎏,378
쇂,378
꽳,378
륛,378
쿋,378
멠,378
넭,378
깲,378
맾,378
쀢,378
쑑,378
릚,378
풎,378
쮷,378
푡,378
쉏,378
뛼,378
됓,378
촺,378
쇏,378
헺,378
돃,378
묡,377
싒,377
쏗,377
쯞,377
퇟,377
쐶,377
놸,377
쫖,377
꽍,377
턮,377
셏,377
컗,377
딃,377
쨶,377
퇲,377
쳵,377
뎣,377
쿪,377
뗢,377
썱,377
쉲,377
쇥,377
쏦,377
뵩,377
쪬,377
캲,377
쎫,377
뾊,377
퐲,377
뺧,377
킦,377
뚋,377
솇,377
햨,377
칖,377
뤍,377
퓺,377
즮,377
쎸,377
쐄,377
곦,377
뵍,377
꼘,377
꺿,377
퇌,377
퐭,377
쨳,377
쑪,377
퓀,377
큸,377
벃,377
붻,377
뽗,377
칒,377
첑,377
햶,377
삫,377
뛾,377
줩,377
뚶,377
뮚,377
믡,377
뀫,377
큮,377
풽,377
끴,377
뇆,377
볬,377
쥂,377
첒,377
숥,377
놗,377
쒆,377
툕,377
몜,377
쉕,377
곝,377
냢,377
젎,377
냖,377
켾,377
뢒,377
삆,377
꿠,377
숛,377
쭄,377
뉳,377
눖,377
퐷,377
댵,377
퐻,376
쌾,376
꾎,376
곏,376
뉦,376
퓿,376
펉,376
뮊,376
턐,376
쏆,376
풼,376
붧,376
꿮,376
탷,376
첌,376
놆,376
퓴,376
쓾,376
췇,376
툔,376
쎉,376
쐃,376
홽,376
쁿,376
뀓,376
썑,376
뛿,376
똩,376
쓊,376
찇,376
뙖,376
삂,376
뷼,376
걬,376
텙,376
뛉,376
쮖,376
쾁,376
쏺,376
썓,376
뫵,376
뫖,376
킚,376
뷾,376
첄,376
솲,376
튗,376
듉,376
콾,376
챐,376
즆,376
렑,376
뺡,376
귃,376
냻,376
쯡,376
뎇,376
쪉,376
퀛,376
뽶,376
랺,376
끥,376
뤩,376
쭕,376
탩,376
귪,376
횫,376
헚,376
컒,376
쏶,376
뾨,376
꽖,376
쯐,376
쉻,376
싎,376
쮪,376
깾,376
촇,376
퓪,376
툯,376
괾,376
뷊,376
싏,376
꿊,376
샯,376
훦,376
쐫,376
쟿,376
딞,376
렯,376
쁵,376
윮,376
믶,376
툣,376
뙔,376
먊,376
튛,376
컌,375
썶,375
띝,375
볉,375
뢜,375
썚,375
쨊,375
뽡,375
핇,375
풏,375
뷇,375
헱,375
훹,375
펡,375
닃,375
왩,375
걆,375
쀌,375
뇮,375
햕,375
썄,375
쿃,375
쿴,375
픣,375
렲,375
턩,375
흮,375
쳒,375
폪,375
뼊,375
졽,375
킑,375
뚲,375
콙,375
쭍,375
둸,375
뎽,375
쁻,375
낒,375
뼮,375
뙣,375
쾚,375
킣,375
툗,375
즄,375
댊,375
쮳,375
푧,375
쪤,375
쮭,375
섔,375
뤥,375
댢,375
뢄,375
궺,375
퇨,375
즯,375
쁕,375
푦,375
뗋,375
쳫,375
귎,375
뢫,375
툊,375
댒,375
뇞,375
쉧,375
쵂,375
킩,375
죦,375
껻,375
텑,375
쟳,375
츁,375
껆,375
뱴,375
턓,375
웘,375
괟,375
틖,375
퓥,375
쀬,375
멡,375
푨,375
웺,375
쾓,375
쪢,375
뛹,375
힋,374
먩,374
녍,374
돦,374
뛵,374
좛,374
뽒,374
횎,374
샦,374
뗟,374
쪴,374
쫋,374
뾆,374
꾫,374
뛭,374
륞,374
뱮,374
됡,374
펅,374
탽,374
킉,374
툂,374
쥹,374
쁅,374
뵸,374
즜,374
턎,374
뉗,374
뵱,374
덐,374
쁈,374
퉳,374
쾜,374
둓,374
썔,374
쳶,374
띆,374
륱,374
댫,374
쭳,374
궒,374
뾛,374
혌,374
푬,374
퀪,374
쉚,374
쬉,374
볥,374
끶,374
좴,374
뵔,374
햧,374
쏁,374
잳,374
틁,374
뺋,374
궪,374
긵,374
죣,374
꼟,374
붶,374
죍,374
쏇,374
쥳,374
셠,374
뮑,374
콻,374
튏,374
뚆,374
꾢,374
뛳,374
뇢,374
댌,374
뫉,374
휊,374
좵,374
쏾,374
럧,374
뉉,374
먟,374
챯,374
뤊,374
뒂,374
읢,374
솆,374
뚼,374
냵,374
륦,374
셻,374
턜,374
쿁,374
땥,374
틞,374
뿖,374
륝,374
풪,374
둂,374
럀,374
혝,374
켻,374
혶,374
먧,374
쐟,374
즩,374
냴,374
넳,374
쭑,374
겑,374
춨,374
쳝,374
풹,374
쁪,374
됅,374
믴,374
릓,374
쎻,374
퓘,374
뢷,374
굞,374
몥,374
괯,374
휱,374
퍮,374
턃,374
쨣,373
겒,373
펝,373
썤,373
숆,373
쓧,373
쐊,373
휣,373
퐓,373
뜣,373
윒,373
슓,373
칧,373
뜑,373
볟,373
쐆,373
틨,373
볣,373
콽,373
쉀,373
좯,373
쀐,373
몎,373
쥪,373
뾷,373
쵚,373
씵,373
쓎,373
돬,373
핽,373
됥,373
횆,373
푳,373
쐢,373
졾,373
뽮,373
뚇,373
뫺,373
쬟,373
꼹,373
딑,373
뤉,373
뷖,373
큀,373
늹,373
괓,373
뗱,373
폙,373
퀇,373
핾,373
츎,373
룙,373
맩,373
꽧,373
쏤,373
냶,373
쑔,373
뤴,373
궾,373
옩,373
퉦,373
랛,373
쾪,373
젌,373
뉯,373
싖,373
핅,373
횳,373
뀚,373
뱿,373
꿙,373
쑗,373
뉥,373
꿵,373
짎,373
꾤,373
뛲,373
걇,373
늀,373
즲,373
릗,373
뮪,373
쏮,372
퉸,372
챏,372
뼾,372
쿘,372
퀗,372
쬙,372
뢚,372
뿣,372
컎,372
홄,372
뉤,372
뤝,372
꺮,372
톟,372
춎,372
앬,372
꽩,372
뤢,372
꽰,372
쮊,372
픭,372
뽫,372
춓,372
뒰,372
퉱,372
볨,372
뫑,372
뢠,372
뙛,372
쨛,372
뻮,372
걭,372
뵼,372
뼭,372
튔,372
땯,372
쩒,372
벁,372
퇍,372
솛,372
폜,372
겘,372
봼,372
쓪,372
쓡,372
쥏,372
쐂,372
늯,372
엁,372
쥵,372
뛑,372
쏌,372
뫥,372
낈,372
괷,372
쯒,372
꾃,372
쉁,372
촸,372
괩,372
퍥,372
룥,372
혒,372
쬸,372
빾,372
믣,372
뛏,372
쩑,372
톲,372
뺞,372
썮,372
꼋,372
숤,372
쒴,372
똯,372
퍚,372
쪡,372
뱺,372
멄,372
봳,372
쐸,372
켹,372
뉡,372
턌,372
뾝,372
쯇,372
뇪,372
펎,372
셶,372
뽪,372
뾋,372
긮,372
믤,372
틊,372
싌,372
왣,372
볝,372
튩,372
밹,372
폵,372
쮌,372
븑,372
렎,372
꺶,372
꼙,372
뗦,372
뾣,372
혋,372
툡,372
귆,372
뗿,372
멗,371
쥕,371
뺛,371
쥗,371
볰,371
끳,371
눢,371
뫪,371
텲,371
꽶,371
횞,371
깭,371
뇭,371
쥀,371
뾌,371
씴,371
닖,371
풺,371
뷽,371
먱,371
댧,371
똛,371
뒶,371
윿,371
썭,371
춁,371
흈,371
쨄,371
댋,371
쫥,371
핁,371
쯻,371
끖,371
쀻,371
챾,371
뢽,371
쎦,371
뼎,371
푃,371
뫦,371
먋,371
웵,371
쫽,371
횦,371
췱,371
풠,371
퀲,371
뙧,371
긝,371
뫸,371
쇝,371
뭷,371
콣,371
턫,371
땾,371
둻,371
뢖,371
쒻,371
샟,371
쭺,371
돀,371
뢙,371
뇉,371
텯,371
꼜,371
긅,371
룶,371
훛,371
웲,371
휯,371
킔,371
걞,371
덅,371
캱,371
뾐,371
얢,371
췂,371
퇏,371
쳺,371
뺟,371
툞,371
뵗,371
띒,371
꿫,371
튉,371
얁,371
컆,371
꽻,371
쇮,371
숞,371
쀚,371
꺎,371
웖,371
쾏,371
굒,371
꺻,371
쀴,371
좗,371
윩,371
쌫,371
뀈,371
믘,371
췫,371
퓈,371
쾣,371
큦,371
퇐,370
껥,370
쎨,370
륣,370
퇰,370
흂,370
뽴,370
텪,370
혪,370
씟,370
슖,370
팂,370
먒,370
흎,370
컕,370
썺,370
먽,370
쯷,370
릛,370
뎼,370
뎏,370
땦,370
봎,370
엟,370
릜,370
놲,370
혫,370
퐰,370
뱥,370
뢵,370
샮,370
쨿,370
닅,370
럵,370
꽵,370
쀤,370
쀀,370
뵕,370
쓢,370
쐒,370
퓧,370
쫾,370
쀾,370
썂,370
푑,370
춂,370
쥊,370
읝,370
훖,370
휽,370
췁,370
랾,370
쑶,370
릢,370
쵧,370
촯,370
튢,370
픻,370
냜,370
뱫,370
쭡,370
쀟,370
뭁,370
혗,370
뭽,370
폆,370
멖,370
폹,370
몑,370
뉃,370
뼸,370
썇,370
싔,370
뜭,370
곋,370
쒽,370
쥮,370
뿙,370
죎,370
뇁,370
잯,370
훧,370
샪,370
뺆,370
쉸,370
쥃,370
쵆,370
흓,370
꾵,370
퇝,370
뿫,370
쭢,370
땣,370
왻,370
떕,370
묥,370
쐕,370
솠,370
놞,370
떟,370
틥,369
뙥,369
멹,369
뙪,369
컭,369
죜,369
쌞,369
먇,369
묢,369
횴,369
첂,369
녢,369
뵚,369
뛈,369
쿫,369
췣,369
럦,369
깱,369
틟,369
콼,369
뉓,369
퍎,369
뾓,369
챉,369
꺹,369
춵,369
풃,369
퓳,369
텱,369
뱎,369
꺱,369
뫋,369
꼒,369
쮒,369
뱘,369
렻,369
끐,369
셟,369
횀,369
왊,369
굪,369
덾,369
뺚,369
냕,369
톣,369
즃,369
쬋,369
컝,369
댲,369
쌳,369
즅,369
첪,369
뢮,369
읚,369
뒭,369
롘,369
눒,369
뇈,369
꾦,369
챖,369
썃,369
뾪,369
눭,369
븴,369
룲,369
퍂,369
퉾,369
켎,369
셽,369
똼,369
촊,369
쪧,369
끯,369
뜢,369
똹,369
뻙,369
뵁,369
숊,369
쭔,369
쮢,369
쩇,369
쟭,369
쯮,369
컂,369
믫,369
칁,369
뚛,369
믅,369
쪨,369
묟,369
릧,369
덁,369
췘,368
잻,368
됂,368
쀙,368
씒,368
챧,368
쵑,368
퐴,368
셼,368
꼨,368
딂,368
퇥,368
쿯,368
뵯,368
톐,368
턂,368
챥,368
댮,368
퍱,368
컧,368
쾂,368
쵐,368
쁔,368
꿳,368
벯,368
쇊,368
꺞,368
걽,368
꺃,368
찄,368
끧,368
쩶,368
퇖,368
쀺,368
첳,368
둊,368
즭,368
뱊,368
퇅,368
콏,368
풷,368
숶,368
끿,368
씣,368
쓭,368
쮴,368
씢,368
먝,368
똃,368
퓎,368
펒,368
뇷,368
뷿,368
뒩,368
젦,368
뿞,368
롩,368
쮰,368
셇,368
뙑,368
뉱,368
퉎,368
쥢,368
횤,368
뜤,368
쯂,368
꼎,368
찈,368
슍,368
썒,368
뭯,368
멣,368
뙰,368
풘,368
쀔,368
켟,368
콿,368
쀡,368
퓗,368
쨆,368
븗,368
갫,368
웶,368
쨡,368
쇯,368
뎲,368
킢,368
싂,368
멼,368
쓁,368
좳,368
흸,368
쟊,368
뗰,368
떅,368
줡,368
귧,368
뫍,368
땺,368
뵋,368
쪑,368
촪,367
뇛,367
됉,367
꾯,367
밼,367
뽭,367
뗕,367
횙,367
뤓,367
쥟,367
튍,367
촜,367
윆,367
퀱,367
뇿,367
윓,367
볊,367
놷,367
쭂,367
쑟,367
헖,367
뮟,367
톔,367
쉃,367
퉏,367
듎,367
랡,367
쪸,367
죀,367
븲,367
눾,367
퉉,367
픷,367
킀,367
콉,367
횋,367
둲,367
흤,367
쀭,367
팾,367
뷓,367
퍭,367
뼖,367
쑃,367
뤜,367
툹,367
휰,367
휎,367
켶,367
댪,367
륇,367
뇖,367
똽,367
륈,367
쟰,367
춦,367
뵮,367
욢,367
츍,367
쾤,367
뼽,367
줶,367
볱,367
뺊,367
믝,367
륎,367
뚨,367
쀶,367
꺁,367
랹,367
뼑,367
횗,367
럋,367
봸,367
쬝,367
휒,367
쾊,367
옗,367
홿,367
쇍,367
쎣,367
탺,367
궰,367
죓,367
쯊,367
얞,367
뤮,367
폫,367
쮩,367
듾,367
쎯,367
룴,367
췚,367
띯,367
똲,367
쐯,367
쟍,366
탨,366
뫩,366
췴,366
쒙,366
뻹,366
뤭,366
츇,366
귒,366
쭽,366
쿗,366
떲,366
쿲,366
깿,366
볦,366
뙞,366
뵎,366
뻢,366
싃,366
킏,366
롨,366
땖,366
쎁,366
뢝,366
덽,366
옊,366
쟱,366
먛,366
뗯,366
굺,366
쥻,366
뿴,366
꾉,366
벇,366
쬂,366
퓢,366
뜶,366
쭧,366
퀆,366
롗,366
돭,366
풟,366
뫲,366
첝,366
죁,366
띫,366
핈,366
몢,366
뢑,366
퀹,366
쏛,366
쪍,366
뉄,366
뜊,366
뙸,366
먏,366
쒐,366
쿝,366
딠,366
밇,366
퍶,366
늻,366
펧,366
퍦,366
좞,366
쀫,366
뒟,366
닗,366
먢,366
얧,366
퀉,366
튷,366
춷,366
퓠,366
뿒,366
쎩,366
촱,366
횿,366
뎛,366
쟼,366
틄,366
츝,366
푉,366
퉔,366
뢞,366
숾,366
뉿,366
톬,366
츆,366
괪,366
휇,366
뎹,365
똌,365
캸,365
묝,365
뗝,365
굧,365
닂,365
넮,365
뚑,365
쿷,365
믋,365
꽋,365
쑎,365
뽍,365
훲,365
쮿,365
꿿,365
뢎,365
쥯,365
븂,365
퓕,365
눩,365
뼞,365
츖,365
먎,365
풬,365
눛,365
둋,365
뜞,365
췠,365
졃,365
쑐,365
꺬,365
쿒,365
쌶,365
볚,365
뎤,365
뷪,365
럟,365
톾,365
뒼,365
묅,365
퓜,365
씑,365
컞,365
뵖,365
뫿,365
뢹,365
몘,365
홻,365
셳,365
츘,365
궖,365
턙,365
휬,365
뜱,365
뿃,365
뇏,365
쯙,365
춽,365
틮,365
쒉,365
휃,365
풻,365
뜒,365
굁,365
뛢,365
똀,365
뽹,365
쾆,365
돑,365
랮,365
췳,365
꼊,365
씋,365
틫,365
닀,365
즖,365
찕,365
졹,365
콗,365
뷂,365
댽,365
쀎,365
슰,365
첆,365
뛜,365
왿,365
첽,365
뷚,365
폻,365
춊,365
츴,365
쵰,364
띍,364
꼆,364
쵪,364
뇚,364
굌,364
긫,364
럓,364
쌯,364
븄,364
뺬,364
뾃,364
쬃,364
뜟,364
휦,364
앭,364
똾,364
좚,364
뗇,364
텚,364
괡,364
횧,364
뼂,364
썦,364
꺐,364
쬍,364
횚,364
쭱,364
냃,364
띓,364
롽,364
쑒,364
띐,364
숺,364
꾰,364
킱,364
큪,364
뤹,364
쳪,364
밃,364
뛇,364
챆,364
툌,364
쎊,364
콟,364
꼷,364
쒺,364
뽩,364
뿇,364
얮,364
쐱,364
뒉,364
펶,364
삃,364
뮱,364
챟,364
띥,364
꺑,364
붔,364
왪,364
궱,364
쀩,364
컛,364
흁,364
쩁,364
켧,364
툦,364
훢,364
쾒,364
뫢,364
릙,364
꼸,364
떂,364
퓤,364
쒥,364
슋,364
쬵,364
툻,364
띋,364
옖,364
쑧,364
녏,364
뫞,364
찁,364
첿,364
뇤,364
뉚,364
쿕,364
믏,364
덍,364
풦,364
쇣,364
꾮,364
즕,364
턶,364
즧,364
뒣,364
훉,364
횇,364
퐏,364
띣,363
뻋,363
횉,363
쾢,363
뜚,363
휁,363
쵵,363
툏,363
쬴,363
캵,363
졡,363
퀚,363
쭟,363
쥋,363
꽡,363
쿀,363
팶,363
쉾,363
퐽,363
얟,363
뎖,363
뜥,363
뾩,363
쓌,363
뱞,363
쑽,363
톂,363
툫,363
퇎,363
몛,363
튲,363
뾻,363
큜,363
껯,363
숓,363
춙,363
뀾,363
롒,363
볢,363
쯖,363
뼪,363
떁,363
쯵,363
쐷,363
뛒,363
윉,363
쟪,363
칃,363
쪀,363
됿,363
씏,363
뽿,363
쁯,363
톜,363
흧,363
줺,363
뙍,363
쒳,363
뫨,363
꾋,363
륧,363
뀤,363
뷎,363
뛺,363
튞,363
먫,363
틡,363
턽,363
츟,363
륥,363
쾺,363
쳛,363
퀈,362
풳,362
뀎,362
뀭,362
꺪,362
뻊,362
낹,362
뺔,362
괛,362
쮾,362
뺿,362
쟴,362
쐮,362
뙌,362
쬄,362
뺽,362
햁,362
힊,362
헻,362
펽,362
쯏,362
냓,362
휓,362
꺡,362
퉀,362
땙,362
샱,362
뿢,362
뒏,362
혃,362
퍩,362
뙺,362
쮋,362
꾅,362
쮛,362
뿲,362
숣,362
툘,362
긡,362
뷠,362
뮄,362
뜠,362
흢,362
챮,362
뻍,362
쯯,362
훂,362
훐,362
껅,362
촧,362
훾,362
퓃,362
끺,362
푇,362
쁲,362
쯛,362
푅,362
헆,362
꿡,362
됾,362
쵢,362
뤇,362
텕,362
땷,362
뷗,362
캒,362
윇,362
턇,361
뮸,361
쨗,361
쮬,361
폾,361
쓑,361
덋,361
얲,361
탻,361
늜,361
쎖,361
틣,361
눯,361
퇁,361
몕,361
둍,361
쭆,361
늓,361
뢏,361
쩆,361
뵧,361
뇼,361
턚,361
쳯,361
놦,361
뷦,361
둃,361
눶,361
쵉,361
쵊,361
뜴,361
횕,361
뵣,361
쾷,361
첈,361
끲,361
뀕,361
뀮,361
뿧,361
웣,361
쁂,361
툒,361
븠,361
슩,361
촮,361
퇧,361
켂,361
렮,361
쁓,361
릖,361
옕,361
삄,361
뿷,361
눷,361
듂,361
톃,361
콠,361
굎,361
쀆,361
퉿,361
휆,361
땶,361
쳸,361
쾄,361
캕,361
왆,361
턗,361
뢃,361
턘,361
쉺,361
졫,361
띂,361
탾,361
딅,361
툵,361
쮶,361
늾,361
헭,361
롙,361
홫,361
풧,361
혞,361
뢟,361
릒,361
뇅,361
꾠,361
롅,361
퀧,361
넅,361
뉎,361
켒,361
렱,361
몗,361
휌,361
냲,361
룎,361
쵗,361
쎚,361
뗷,361
뜮,361
녉,360
죃,360
츢,360
탪,360
퇦,360
슣,360
얚,360
쭀,360
쾝,360
뵦,360
쓝,360
땪,360
슊,360
챑,360
덑,360
뱒,360
퉢,360
췕,360
뜦,360
쒪,360
꿼,360
컩,360
헩,360
쵓,360
뵓,360
냿,360
풨,360
톗,360
뤾,360
쿾,360
뀙,360
땱,360
첶,360
븿,360
챇,360
넰,360
굆,360
팷,360
빖,360
쓵,360
뫭,360
뚻,360
뛽,360
삌,360
뤬,360
뙟,360
쑍,360
푘,360
뵟,360
펋,360
붩,360
퓊,360
쥓,360
퀯,360
쒘,360
뇇,360
쫬,360
뜺,360
괇,360
깶,360
훶,360
괲,360
퉩,360
졦,360
쀈,360
춡,360
쵖,360
봹,360
졤,360
됺,360
썛,360
덄,360
줇,360
뎥,360
쟫,360
탫,360
훬,360
껪,360
숻,360
뛪,360
멙,360
놽,360
햓,360
귋,360
혉,360
뮀,360
꾒,360
끬,360
톪,360
괈,360
쳢,360
뵢,360
겺,360
뇺,360
콇,360
폋,360
뷲,360
섗,360
묉,360
뾖,359
쾙,359
똁,359
붒,359
눦,359
셦,359
뗓,359
쿣,359
똆,359
휤,359
쑲,359
뢁,359
쿂,359
옏,359
뗖,359
즿,359
떶,359
즱,359
듆,359
쉓,359
틯,359
븦,359
뉒,359
쯦,359
줪,359
칍,359
롖,359
힃,359
꿞,359
씎,359
퓶,359
띗,359
씚,359
랿,359
꿪,359
췢,359
쭖,359
첾,359
몠,359
윬,359
뢣,359
돉,359
댆,359
뽦,359
쮈,359
휷,359
쏖,359
튳,359
휞,359
뚺,359
곑,359
뚚,359
쭿,359
몙,359
횏,359
눺,359
떀,359
씖,359
뗩,359
씛,359
궣,359
둜,359
탧,359
넦,359
섚,359
쏝,359
턒,359
뽢,359
꼁,359
뽳,359
햳,359
뭆,359
푩,359
쐠,359
긠,359
걂,359
꼵,359
껛,359
뎂,359
쯑,359
껚,359
쾟,359
툮,359
꼀,359
햲,359
햹,359
뻃,358
쁦,358
헇,358
뉐,358
뮔,358
쿊,358
똶,358
쵩,358
뫬,358
꾣,358
퍜,358
꾖,358
컓,358
촰,358
볡,358
턏,358
뺖,358
폶,358
췊,358
뒆,358
땢,358
싍,358
홼,358
둮,358
뾺,358
셙,358
픃,358
뾄,358
꼺,358
퀕,358
콺,358
뎪,358
혎,358
쿑,358
쐧,358
톖,358
둕,358
칥,358
뭒,358
륕,358
쎑,358
젥,358
롦,358
뽟,358
넂,358
뚗,358
퍹,358
췯,358
듍,358
눽,358
쟔,358
춺,358
룛,358
뾇,358
묋,358
흻,358
웭,358
쌝,358
쏏,358
끇,358
딒,358
퍧,358
쾛,358
쬿,358
쬒,358
쒃,358
뭺,358
쮂,358
샶,358
찆,358
놫,358
갦,358
턄,358
녎,358
펊,358
뗮,358
뛯,358
뛂,358
튒,358
늵,358
턯,358
힓,358
캛,358
괢,358
쪪,358
솵,358
뻞,358
졟,358
뚢,358
뛘,358
쮏,358
봜,358
붣,358
뒕,358
딙,357
쨞,357
뜵,357
횼,357
퓵,357
쾮,357
궽,357
꾍,357
틲,357
땮,357
멢,357
띟,357
쀱,357
즦,357
햗,357
낁,357
봿,357
쮟,357
퍘,357
뵃,357
굊,357
썿,357
뒽,357
눣,357
쬅,357
끩,357
쐎,357
뾘,357
킗,357
뫶,357
뒮,357
춿,357
쩘,357
쵶,357
햷,357
쾑,357
쉮,357
쪦,357
풿,357
뗹,357
쵷,357
쫵,357
켍,357
꽪,357
휛,357
뫮,357
럆,357
쫦,357
뚟,357
큝,357
뵻,357
꺉,357
먦,357
킍,357
뤛,357
쩺,357
놢,357
꽲,357
섖,357
툝,357
좪,357
뙓,357
캯,357
볺,357
뵄,357
쁮,357
튅,357
뢥,357
쇚,356
욦,356
댃,356
뺮,356
짽,356
녟,356
꽒,356
뜖,356
쑋,356
뒻,356
쫲,356
뱯,356
쮅,356
둖,356
첅,356
걶,356
뾶,356
괹,356
븧,356
랦,356
쒫,356
쒒,356
쥾,356
꼥,356
꿢,356
썣,356
쵙,356
쑖,356
톍,356
췧,356
몚,356
쳓,356
쎒,356
눁,356
쏈,356
쨫,356
걝,356
챭,356
뛚,356
꾴,356
벬,356
컇,356
쓠,356
껤,356
콃,356
칌,356
헯,356
뿵,356
쳻,356
폀,356
쫉,356
쩾,356
쟗,356
킡,356
뵿,356
쑏,356
햾,356
캹,356
홲,356
펈,356
덓,356
쪋,356
쨾,356
퇜,356
퀶,356
뾉,356
컳,356
뭜,356
쒇,356
몵,356
퐩,356
돁,356
쾋,356
틼,356
꿬,356
퇛,356
뻫,356
퀟,356
쟒,356
슧,355
먳,355
뇘,355
왫,355
쳆,355
뜫,355
껇,355
맭,355
퐮,355
딌,355
팄,355
궵,355
궑,355
뫛,355
탥,355
킟,355
뢂,355
혵,355
쪣,355
쾦,355
뻷,355
쀑,355
쏢,355
촂,355
슎,355
퇷,355
퓚,355
줉,355
턣,355
쀹,355
뫫,355
궏,355
똖,355
뱠,355
팵,355
풗,355
쑕,355
왾,355
촖,355
뮗,355
쁗,355
쑭,355
횯,355
틻,355
푪,355
퇺,355
먲,355
휟,355
퍻,355
솞,355
뮯,355
븪,355
쇑,355
턡,355
갨,355
쿿,355
뒓,355
퇒,355
퉒,355
좻,355
꽠,355
툸,355
뀞,355
쵾,355
퇔,355
괽,355
쁒,355
뭧,355
큂,355
퍺,355
컱,355
쮎,355
쯹,355
멿,355
댺,355
댞,355
꼧,355
놵,355
럘,355
뤪,355
싅,355
녗,355
첕,354
뼄,354
캦,354
톉,354
톒,354
훇,354
넪,354
큞,354
폢,354
픪,354
끷,354
껊,354
컦,354
귛,354
뮅,354
뾂,354
펁,354
쾕,354
퐼,354
밄,354
뙳,354
쐝,354
뫴,354
퓙,354
뀲,354
쉫,354
쏅,354
튧,354
뻌,354
풙,354
죪,354
벐,354
긥,354
풶,354
됽,354
쳽,354
븶,354
큎,354
꼝,354
놅,354
휗,354
똄,354
쮵,354
뱙,354
좤,354
뿻,354
봕,354
퓾,354
뇓,354
됯,354
죑,354
쬶,354
뿹,354
돢,354
튟,354
쨮,354
뚏,354
핷,354
뜎,354
뻎,354
됹,354
쓂,354
뮶,354
꽀,354
쌵,354
쓞,354
즸,354
쓹,354
혏,354
푐,354
쁾,354
싋,354
껾,354
졆,354
뒔,353
컐,353
뢯,353
캳,353
퀦,353
퍝,353
쬨,353
윎,353
뿺,353
웞,353
혳,353
뀵,353
뿪,353
풡,353
앣,353
놹,353
쬺,353
즷,353
뙀,353
쪮,353
혥,353
썆,353
쎞,353
뽨,353
뙘,353
냷,353
퓂,353
푊,353
렕,353
똎,353
꿶,353
쁆,353
툁,353
흪,353
솳,353
꾟,353
쪭,353
훺,353
걯,353
뱹,353
붌,353
꺷,353
졢,353
똜,353
듛,353
둶,353
쒣,353
풛,353
뮂,353
캾,353
줝,353
펪,353
앥,353
젽,353
뇧,353
뉮,353
셡,353
춅,353
뚿,353
둆,353
뉝,353
횖,353
딎,353
쯣,353
텗,353
룮,353
햦,353
댼,353
릞,353
힚,353
뀋,353
돹,353
쩤,353
꼕,353
뢇,353
뢪,353
뻏,353
쭶,353
씕,353
랽,353
뛻,353
얱,352
쇷,352
멅,352
빿,352
뙦,352
죺,352
툙,352
촶,352
퐳,352
쮱,352
칆,352
놴,352
쬫,352
땕,352
뷢,352
렔,352
쉦,352
뷯,352
쾲,352
졠,352
귦,352
횘,352
씦,352
뤞,352
뙾,352
욆,352
뭢,352
뼥,352
뛊,352
떿,352
훆,352
먵,352
땴,352
쵌,352
퍛,352
쭜,352
쾵,352
툧,352
뉂,352
헓,352
쏡,352
쬕,352
댍,352
츭,352
쪲,352
찛,352
뽧,352
뛮,352
쁤,352
뾎,352
뛍,352
쯌,352
얪,352
뉺,352
냸,352
줤,352
뒦,352
뭮,352
뱪,352
즶,352
쐡,352
뚩,352
됁,352
샺,352
뗺,352
뼗,352
쏎,352
캞,352
탦,352
믙,352
푍,352
덀,352
띲,352
뙶,352
묁,351
첇,351
콲,351
뗞,351
탢,351
썉,351
퓝,351
혢,351
괣,351
쉖,351
뱷,351
콖,351
쇓,351
꾓,351
쿏,351
췿,351
퉋,351
섋,351
뉪,351
껣,351
뷐,351
쮣,351
뱬,351
뿂,351
콞,351
뮰,351
뚐,351
녞,351
컚,351
붟,351
빃,351
퐔,351
뀏,351
챊,351
썳,351
뷆,351
럚,351
랧,351
췙,351
뱦,351
춼,351
귖,351
땭,351
뎙,351
졙,351
똋,351
맲,351
줽,351
좙,351
쏋,351
뵶,351
휾,351
졊,351
뼻,351
댎,351
딗,351
쑠,351
븾,351
텾,351
띎,351
냛,351
줞,351
쬢,350
꿌,350
뻚,350
껷,350
쑓,350
봪,350
쒟,350
뫳,350
홵,350
땿,350
놭,350
퓑,350
톮,350
썘,350
쩈,350
츪,350
촳,350
쎶,350
꾇,350
뢢,350
쾗,350
뙚,350
픱,350
듒,350
쒌,350
뱂,350
읣,350
왟,350
뭞,350
퉘,350
뵳,350
곐,350
셾,350
뉧,350
툋,350
뮒,350
뛁,350
궊,350
귂,350
픥,350
붦,350
퀞,350
냁,350
뻳,350
칣,350
킎,350
꺦,350
뙽,350
믵,350
듖,350
쐨,350
뺻,350
찘,350
턊,350
컠,350
떜,350
탿,350
듢,350
쳲,350
쬹,350
쭰,350
핉,350
퉑,350
푛,350
쵒,350
쫟,350
뾯,350
톘,350
컋,350
뻆,350
컟,350
벒,349
둙,349
뫧,349
쓓,349
딢,349
툷,349
썢,349
죉,349
좷,349
빑,349
뼅,349
쐌,349
퍴,349
펚,349
쿻,349
꺀,349
춹,349
뛡,349
퇙,349
횛,349
쭓,349
죩,349
뾍,349
뛠,349
쿞,349
꿝,349
몭,349
굕,349
룵,349
쳱,349
샭,349
뼼,349
뛫,349
턧,349
띺,349
첃,349
쭪,349
믍,349
럎,349
땫,349
뭖,349
뙢,349
뷷,349
쵟,349
밅,349
떃,349
씺,349
퉡,349
쿬,349
쐲,348
쒦,348
쏃,348
쐣,348
꿭,348
릩,348
뗤,348
쏹,348
쑇,348
괤,348
뼿,348
쥨,348
쀗,348
빁,348
놮,348
켅,348
섙,348
흍,348
냭,348
떑,348
꺺,348
풮,348
띚,348
쇃,348
흃,348
뗎,348
쾾,348
꾚,348
줾,348
좖,348
챪,348
퀅,348
뫻,348
뱼,348
퓫,348
귊,348
묕,348
뇗,348
쬩,348
쳳,348
춇,348
쁣,348
똓,348
칉,348
뢛,348
띛,348
컊,348
틦,348
촒,348
넃,348
쟖,348
팲,348
쮦,348
쩱,348
쮉,348
꼛,348
뻂,348
툢,348
꼖,348
톊,348
괉,348
껿,348
췵,348
툲,347
킃,347
돮,347
눊,347
싆,347
푗,347
췶,347
똦,347
쟚,347
콢,347
삋,347
똂,347
쬁,347
쥆,347
춲,347
뤣,347
꿤,347
꺯,347
뱲,347
퇻,347
츒,347
볳,347
쑊,347
뻓,347
췎,347
챒,347
풵,347
갩,347
쫶,347
춄,347
둯,347
죞,347
뀖,347
쏐,347
뽅,347
츲,347
뚉,347
껱,347
씂,347
촓,347
됇,347
껂,347
휖,347
닓,347
켖,347
큧,347
쩷,347
틺,347
뽘,347
뻸,347
넇,347
랷,347
괋,347
퇮,346
뢳,346
틚,346
튡,346
뙼,346
퍸,346
풅,346
뾒,346
퀢,346
쥷,346
퀓,346
꾻,346
떹,346
꿃,346
뻁,346
뿚,346
퉠,346
뾼,346
쬦,346
좲,346
퉓,346
췪,346
죝,346
꼌,346
푔,346
뙱,346
쭾,346
쯅,346
횣,346
괊,346
섒,346
햺,346
띭,346
뤷,346
뛖,346
쫇,346
컔,346
똢,346
쀣,346
쑿,346
쁳,346
츻,346
껮,346
퓋,346
뉅,346
띖,346
찋,345
믥,345
쥱,345
쀁,345
꾙,345
츾,345
쬓,345
톦,345
쬏,345
뚾,345
킋,345
췷,345
쾳,345
죭,345
괶,345
퉯,345
퀻,345
폝,345
쐏,345
뾬,345
훩,345
녳,345
쫿,345
뗔,345
얛,345
쒢,345
륊,345
뼕,345
썏,345
쀝,345
쐚,345
쀦,345
욡,345
쥶,345
켺,345
땘,345
툆,345
뀊,345
쥇,345
쮫,345
뜂,345
밺,345
볩,345
뀃,345
뀣,345
혴,345
덃,345
뫯,345
됈,345
뮣,345
첦,345
찂,344
쪐,344
덶,344
콄,344
뚖,344
푓,344
쿛,344
됚,344
똝,344
첎,344
퓓,344
놝,344
쏪,344
퀒,344
뮧,344
뼚,344
뗪,344
꿗,344
쑣,344
줧,344
끭,344
럍,344
쬗,344
뱭,344
띮,344
볛,344
쮐,344
떝,344
뒒,344
묆,344
쉟,344
뤖,344
췒,344
뤯,344
믳,344
쫹,344
럛,344
뿋,344
횮,344
붥,343
섉,343
껈,343
뵏,343
묰,343
쉊,343
셣,343
폚,343
뗆,343
쎲,343
퍢,343
졖,343
햮,343
졗,343
퓞,343
퇣,343
띹,343
묬,343
룿,343
뿯,343
쭋,343
쌠,343
쀕,343
냧,343
뤿,343
쭮,343
쭫,343
넆,343
쵃,343
뭙,343
뿊,343
찙,343
뱑,343
냀,343
꽏,343
홷,343
쵻,343
켗,343
뚒,343
믒,343
풁,343
곆,343
슒,343
뛕,343
삀,343
됎,343
껁,343
펮,342
왌,342
괅,342
뜉,342
냆,342
얝,342
챓,342
뉞,342
슑,342
뻀,342
냯,342
꽸,342
뼠,342
봀,342
쀃,342
풫,342
틠,342
쩛,342
쌟,342
곎,342
랥,342
켮,342
쮘,342
롉,342
뙊,342
뙻,342
뎕,342
콓,342
혨,342
푂,342
셵,342
꼦,342
쿆,342
핎,342
똍,342
컢,342
볪,342
촩,342
쮍,342
셺,342
녦,342
뀂,342
쏻,342
쾯,342
좓,341
툓,341
뚴,341
퇠,341
폗,341
쓙,341
먶,341
뇫,341
곭,341
쳕,341
끹,341
툾,341
쌽,341
첉,341
쾞,341
틙,341
햼,341
댳,341
쓫,341
뛆,341
풌,341
뗧,341
쉋,341
텷,341
뵽,341
쮇,341
뼢,341
봓,341
쌗,341
퓖,341
뎱,341
첋,341
뚌,341
뾏,341
녷,341
뽾,341
뀇,341
퓼,341
퓱,340
덠,340
룂,340
꼾,340
굂,340
쩂,340
멳,340
샩,340
뢶,340
췗,340
끪,340
홊,340
뤐,340
췖,340
뫣,340
뢗,340
뭟,340
킓,340
쨽,340
뗉,340
뻜,340
삛,340
쌺,340
첊,340
뤆,340
걛,340
꾞,340
꺢,340
틌,340
뗻,340
놺,340
퇩,340
긙,340
쏂,340
뇦,340
쮙,340
륡,340
쳂,340
쨙,340
옎,340
촚,339
쪆,339
쨭,339
꽔,339
늆,339
늷,339
턖,339
픰,339
긚,339
쟑,339
쯃,339
욇,339
펿,339
얣,339
콡,339
촍,339
쪫,339
꾔,339
뒞,339
먔,339
뷨,339
붮,339
퀥,339
꾂,339
쌼,338
켽,338
웴,338
뇒,338
츏,338
쐪,338
퉲,338
쩵,338
쥚,338
휅,338
뇲,338
뫐,338
훿,338
끏,338
틵,338
욁,338
뗽,338
뎑,338
쁚,338
똅,338
쿍,338
벮,338
턪,338
쬎,338
뿸,338
뚓,338
쵔,338
좱,338
줢,338
쐦,338
럗,338
뮭,338
뻪,337
뿳,337
럁,337
돷,337
꼪,337
뾈,337
턼,337
뺹,337
묛,337
훭,337
싊,337
멆,337
띶,337
뮞,337
됕,337
띏,337
쌭,337
푵,337
쁱,337
꺥,337
됆,337
뷝,337
봷,337
돪,337
뗾,337
쇆,337
쓄,337
꿆,337
쪛,337
뭻,337
휋,337
씙,337
푖,337
퇾,337
퐟,336
퉧,336
쮄,336
쟅,336
묚,336
봁,336
벪,336
뿏,336
둀,336
튎,336
툛,336
캓,336
톚,336
턛,336
괧,336
줹,336
뺾,336
얡,336
쟦,336
숒,336
쎢,336
퍰,336
냮,336
쐹,336
쨠,336
츚,336
끢,336
틬,336
눬,336
씇,335
촅,335
꾷,335
큓,335
컏,335
룫,335
졪,335
츹,335
퉪,335
뮖,335
퉗,335
쉂,335
풾,335
뺈,335
뫾,335
몞,335
퍒,335
뮋,335
퍬,335
튋,335
녩,335
댡,335
툚,335
뷏,335
뼦,335
죛,335
듌,335
쌪,335
뛎,335
뽣,334
덻,334
쒏,334
틿,334
뚔,334
켳,334
뫹,334
쮃,334
즓,334
뢆,334
놳,334
싛,334
퉙,334
썞,334
젍,334
벣,334
뉲,334
쵽,334
톴,334
첷,334
멞,334
쀂,334
쳿,334
쯫,334
췲,334
맱,334
쳾,334
쭼,334
쬌,334
퇓,334
퀾,334
횪,334
퐕,334
튘,334
쌿,334
뺁,333
뎿,333
똱,333
뙲,333
퇞,333
쵇,333
믮,333
꾊,333
봻,333
뭱,333
묊,333
뼣,333
쁷,333
욠,333
쒂,333
묳,333
귮,333
봯,333
뉆,333
딚,333
쩉,333
쵫,333
쁃,333
쳷,333
퉰,333
띷,333
퉚,333
쿖,333
앯,333
궟,332
뢊,332
냂,332
곛,332
쒑,332
컣,332
퉕,332
휥,332
걄,332
먣,332
칇,332
퇉,332
췞,332
쓅,332
톿,332
쌙,332
뜏,332
쫯,332
묦,332
섅,332
숪,332
쟮,332
떐,332
뇑,331
쏲,331
쿓,331
폞,331
쫣,331
뉰,331
삈,331
뼷,331
띞,331
윐,331
궿,331
샕,331
쯬,331
쯓,331
씳,331
풊,331
쳹,331
죫,331
냚,330
뗡,330
뇂,330
톯,330
툺,330
쎓,330
뽎,330
뼲,330
뒡,330
쪯,330
녪,330
툀,330
챫,330
섛,330
옚,330
흀,330
쫕,329
췏,329
뒱,329
끫,329
쟋,329
쟯,329
뇴,329
촽,329
뗣,329
썕,329
촀,329
퇹,329
퇚,329
쎧,329
떍,329
픳,329
뵅,329
퓇,329
쒚,329
턁,329
쾖,329
븋,329
쪏,328
휝,328
둞,328
쥺,328
뷟,328
뭼,328
풥,328
콊,328
켢,328
꽾,328
큈,328
밾,328
냝,328
뉷,327
짻,327
퀽,327
콨,327
럝,327
뙅,327
쯾,327
쿎,327
뽏,327
촃,327
삅,327
끻,326
뙃,326
퓄,326
뙂,326
깷,326
쪳,326
쪚,326
춃,326
걨,326
퓦,326
둱,326
푟,326
쮮,326
껧,326
퍑,326
홹,326
뫷,325
쿐,325
놶,325
뛗,325
덼,325
묣,325
뛅,325
혧,325
챢,325
풝,325
끦,325
뮎,324
콷,324
켃,324
퀷,324
씱,324
쥦,324
쯿,324
퍇,324
홸,324
훥,323
쇭,323
샰,323
뀑,323
풭,323
뀘,322
쀥,322
듏,322
쐓,322
펷,322
괦,322
씓,322
쎮,322
퇕,322
퉭,322
쎛,321
곉,321
뮡,321
몏,321
덹,321
쿉,321
녫,321
쵎,321
뙿,321
쪷,320
턞,320
쏕,320
뎚,320
뮃,320
띇,320
눡,320
넱,320
놟,319
즽,319
뮲,319
쯳,319
뇀,319
쮆,319
썵,319
틆,319
퐸,319
펤,319
휔,318
쯶,318
첍,318
꺣,318
툜,318
묂,318
뎫,318
귫,317
씞,317
쀉,317
쯄,317
킖,317
뺳,316
쬷,316
뜘,316
횲,316
붡,316
픆,316
퐦,316
뙕,315
휶,315
즫,315
퀖,315
퐯,315
둎,314
뫇,314
쬯,313
낾,313
퉮,313
썧,312
콒,311
챣,311
죬,311
픬,311
둳,311
셚,311
왢,311
튊,310
쥎,310
쫝,308
횱,308
첖,307
쀖,306
꾽,306
똊,306
벀,306
쥲,305
쮽,305
큃,289
